-- phpMyAdmin SQL Dump
-- version 4.6.4
-- https://www.phpmyadmin.net/
--
-- Host: 127.0.0.1
-- Generation Time: May 30, 2017 at 07:53 AM
-- Server version: 5.7.14
-- PHP Version: 5.6.25

SET SQL_MODE = "NO_AUTO_VALUE_ON_ZERO";
SET time_zone = "+00:00";


/*!40101 SET @OLD_CHARACTER_SET_CLIENT=@@CHARACTER_SET_CLIENT */;
/*!40101 SET @OLD_CHARACTER_SET_RESULTS=@@CHARACTER_SET_RESULTS */;
/*!40101 SET @OLD_COLLATION_CONNECTION=@@COLLATION_CONNECTION */;
/*!40101 SET NAMES utf8mb4 */;

--
-- Database: `laravel`
--

-- --------------------------------------------------------

--
-- Table structure for table `favorites`
--

CREATE TABLE `favorites` (
  `user_id` int(10) UNSIGNED NOT NULL,
  `favoriteable_id` int(10) UNSIGNED NOT NULL,
  `favoriteable_type` varchar(191) COLLATE utf8mb4_unicode_ci NOT NULL,
  `created_at` timestamp NULL DEFAULT NULL,
  `updated_at` timestamp NULL DEFAULT NULL
) ENGINE=MyISAM DEFAULT CHARSET=utf8mb4 COLLATE=utf8mb4_unicode_ci;

-- --------------------------------------------------------

--
-- Table structure for table `ingredients`
--

CREATE TABLE `ingredients` (
  `id` int(10) UNSIGNED NOT NULL,
  `name` varchar(191) COLLATE utf8mb4_unicode_ci NOT NULL,
  `category` enum('Dairy','Meats','Vegetables','Fruits','Spices','Fish','Baking & Grains','Oils','Seafood','Added sweeteners','Seasonings','Nuts','Condiments','Desert & snacks','Beverages','Soups','Dairy alternatives','Peas','Sauce','Alcohol','') COLLATE utf8mb4_unicode_ci NOT NULL,
  `created_at` timestamp NULL DEFAULT NULL,
  `updated_at` timestamp NULL DEFAULT NULL
) ENGINE=MyISAM DEFAULT CHARSET=utf8mb4 COLLATE=utf8mb4_unicode_ci;

--
-- Dumping data for table `ingredients`
--

INSERT INTO `ingredients` (`id`, `name`, `category`, `created_at`, `updated_at`) VALUES
(1, 'Butter', 'Dairy', '2017-05-27 05:00:22', '2017-05-27 05:00:22'),
(2, 'Eggs', 'Dairy', '2017-05-27 05:00:22', '2017-05-27 05:00:22'),
(3, 'Milk', 'Dairy', '2017-05-27 05:00:22', '2017-05-27 05:00:22'),
(4, 'Parmesan', 'Dairy', '2017-05-27 05:00:22', '2017-05-27 05:00:22'),
(5, 'Cheddar', 'Dairy', '2017-05-27 05:00:22', '2017-05-27 05:00:22'),
(6, 'Cream', 'Dairy', '2017-05-27 05:00:22', '2017-05-27 05:00:22'),
(7, 'Sour Cream', 'Dairy', '2017-05-27 05:00:22', '2017-05-27 05:00:22'),
(8, 'Cream Cheese', 'Dairy', '2017-05-27 05:00:22', '2017-05-27 05:00:22'),
(9, 'Mozzarella', 'Dairy', '2017-05-27 05:00:22', '2017-05-27 05:00:22'),
(10, 'American Cheese', 'Dairy', '2017-05-27 05:00:22', '2017-05-27 05:00:22'),
(11, 'Yogurt', 'Dairy', '2017-05-27 05:00:22', '2017-05-27 05:00:22'),
(12, 'Evaporated Milk', 'Dairy', '2017-05-27 05:00:22', '2017-05-27 05:00:22'),
(13, 'Condensed Milk', 'Dairy', '2017-05-27 05:00:22', '2017-05-27 05:00:22'),
(14, 'Whipped Cream', 'Dairy', '2017-05-27 05:00:22', '2017-05-27 05:00:22'),
(15, 'Half and Half', 'Dairy', '2017-05-27 05:00:22', '2017-05-27 05:00:22'),
(16, 'Monterey Jack Cheese', 'Dairy', '2017-05-27 05:00:22', '2017-05-27 05:00:22'),
(17, 'Feta', 'Dairy', '2017-05-27 05:00:22', '2017-05-27 05:00:22'),
(18, 'Cottage Cheese', 'Dairy', '2017-05-27 05:00:22', '2017-05-27 05:00:22'),
(19, 'Ice Cream', 'Dairy', '2017-05-27 05:00:22', '2017-05-27 05:00:22'),
(20, 'Goat Cheese', 'Dairy', '2017-05-27 05:00:22', '2017-05-27 05:00:22'),
(21, 'Frosting', 'Dairy', '2017-05-27 05:00:22', '2017-05-27 05:00:22'),
(22, 'Swiss Cheese', 'Dairy', '2017-05-27 05:00:22', '2017-05-27 05:00:22'),
(23, 'Buttermilk', 'Dairy', '2017-05-27 05:00:22', '2017-05-27 05:00:22'),
(24, 'Velveeta', 'Dairy', '2017-05-27 05:00:22', '2017-05-27 05:00:22'),
(25, 'Ricotta', 'Dairy', '2017-05-27 05:00:22', '2017-05-27 05:00:22'),
(26, 'Powdered Milk', 'Dairy', '2017-05-27 05:00:22', '2017-05-27 05:00:22'),
(27, 'Blue Cheese', 'Dairy', '2017-05-27 05:00:22', '2017-05-27 05:00:22'),
(28, 'Provolone', 'Dairy', '2017-05-27 05:00:22', '2017-05-27 05:00:22'),
(29, 'Colby Cheese', 'Dairy', '2017-05-27 05:00:22', '2017-05-27 05:00:22'),
(30, 'Gouda', 'Dairy', '2017-05-27 05:00:22', '2017-05-27 05:00:22'),
(31, 'Pepper Jack', 'Dairy', '2017-05-27 05:00:22', '2017-05-27 05:00:22'),
(32, 'Italian Cheese', 'Dairy', '2017-05-27 05:00:22', '2017-05-27 05:00:22'),
(33, 'Soft Cheese', 'Dairy', '2017-05-27 05:00:22', '2017-05-27 05:00:22'),
(34, 'Romano', 'Dairy', '2017-05-27 05:00:22', '2017-05-27 05:00:22'),
(35, 'Brie', 'Dairy', '2017-05-27 05:00:22', '2017-05-27 05:00:22'),
(36, 'Pepperjack Cheese', 'Dairy', '2017-05-27 05:00:22', '2017-05-27 05:00:22'),
(37, 'Custard', 'Dairy', '2017-05-27 05:00:22', '2017-05-27 05:00:22'),
(38, 'Cheese Soup', 'Dairy', '2017-05-27 05:00:22', '2017-05-27 05:00:22'),
(39, 'Pizza Cheese', 'Dairy', '2017-05-27 05:00:22', '2017-05-27 05:00:22'),
(40, 'Ghee', 'Dairy', '2017-05-27 05:00:22', '2017-05-27 05:00:22'),
(41, 'Pecorino Cheese', 'Dairy', '2017-05-27 05:00:22', '2017-05-27 05:00:22'),
(42, 'Gruyere', 'Dairy', '2017-05-27 05:00:22', '2017-05-27 05:00:22'),
(43, 'Creme Fraiche', 'Dairy', '2017-05-27 05:00:22', '2017-05-27 05:00:22'),
(44, 'Neufchatel', 'Dairy', '2017-05-27 05:00:22', '2017-05-27 05:00:22'),
(45, 'Muenster', 'Dairy', '2017-05-27 05:00:22', '2017-05-27 05:00:22'),
(46, 'Asiago', 'Dairy', '2017-05-27 05:00:22', '2017-05-27 05:00:22'),
(47, 'Queso Fresco Cheese', 'Dairy', '2017-05-27 05:00:22', '2017-05-27 05:00:22'),
(48, 'Hard Cheese', 'Dairy', '2017-05-27 05:00:22', '2017-05-27 05:00:22'),
(49, 'Havarti Cheese', 'Dairy', '2017-05-27 05:00:22', '2017-05-27 05:00:22'),
(50, 'Mascarpone', 'Dairy', '2017-05-27 05:00:22', '2017-05-27 05:00:22'),
(51, 'Chicken Breast', 'Meats', '2017-05-27 05:00:22', '2017-05-27 05:00:22'),
(52, 'Ground Beef', 'Meats', '2017-05-27 05:00:22', '2017-05-27 05:00:22'),
(53, 'Bacon', 'Meats', '2017-05-27 05:00:22', '2017-05-27 05:00:22'),
(54, 'Sausage', 'Meats', '2017-05-27 05:00:22', '2017-05-27 05:00:22'),
(55, 'Cooked Chicken', 'Meats', '2017-05-27 05:00:22', '2017-05-27 05:00:22'),
(56, 'Ham', 'Meats', '2017-05-27 05:00:22', '2017-05-27 05:00:22'),
(57, 'Veal', 'Meats', '2017-05-27 05:00:22', '2017-05-27 05:00:22'),
(58, 'Beef Steak', 'Meats', '2017-05-27 05:00:22', '2017-05-27 05:00:22'),
(59, 'Hot Dog', 'Meats', '2017-05-27 05:00:22', '2017-05-27 05:00:22'),
(60, 'Pork Chops', 'Meats', '2017-05-27 05:00:22', '2017-05-27 05:00:22'),
(61, 'Chicken Thighs', 'Meats', '2017-05-27 05:00:22', '2017-05-27 05:00:22'),
(62, 'Ground Turkey', 'Meats', '2017-05-27 05:00:22', '2017-05-27 05:00:22'),
(63, 'Pork', 'Meats', '2017-05-27 05:00:22', '2017-05-27 05:00:22'),
(64, 'Turkey', 'Meats', '2017-05-27 05:00:22', '2017-05-27 05:00:22'),
(65, 'Pepperoni', 'Meats', '2017-05-27 05:00:22', '2017-05-27 05:00:22'),
(66, 'Whole Chicken', 'Meats', '2017-05-27 05:00:22', '2017-05-27 05:00:22'),
(67, 'Chicken Leg', 'Meats', '2017-05-27 05:00:22', '2017-05-27 05:00:22'),
(68, 'Ground Pork', 'Meats', '2017-05-27 05:00:22', '2017-05-27 05:00:22'),
(69, 'Chicken Wings', 'Meats', '2017-05-27 05:00:22', '2017-05-27 05:00:22'),
(70, 'Chorizo', 'Meats', '2017-05-27 05:00:22', '2017-05-27 05:00:22'),
(71, 'Polish Sausage', 'Meats', '2017-05-27 05:00:22', '2017-05-27 05:00:22'),
(72, 'Salami', 'Meats', '2017-05-27 05:00:22', '2017-05-27 05:00:22'),
(73, 'Pork Roast', 'Meats', '2017-05-27 05:00:22', '2017-05-27 05:00:22'),
(74, 'Ground Chicken', 'Meats', '2017-05-27 05:00:22', '2017-05-27 05:00:22'),
(75, 'Pork Ribs', 'Meats', '2017-05-27 05:00:22', '2017-05-27 05:00:22'),
(76, 'Venison', 'Meats', '2017-05-27 05:00:22', '2017-05-27 05:00:22'),
(77, 'Spam', 'Meats', '2017-05-27 05:00:22', '2017-05-27 05:00:22'),
(78, 'Lamb', 'Meats', '2017-05-27 05:00:22', '2017-05-27 05:00:22'),
(79, 'Pork Shoulder', 'Meats', '2017-05-27 05:00:22', '2017-05-27 05:00:22'),
(80, 'Beef Roast', 'Meats', '2017-05-27 05:00:22', '2017-05-27 05:00:22'),
(81, 'Bratwurst', 'Meats', '2017-05-27 05:00:22', '2017-05-27 05:00:22'),
(82, 'Prosciutto', 'Meats', '2017-05-27 05:00:22', '2017-05-27 05:00:22'),
(83, 'Chicken Roast', 'Meats', '2017-05-27 05:00:22', '2017-05-27 05:00:22'),
(84, 'Bologna', 'Meats', '2017-05-27 05:00:22', '2017-05-27 05:00:22'),
(85, 'Corned Beef', 'Meats', '2017-05-27 05:00:22', '2017-05-27 05:00:22'),
(86, 'Lamb Chops', 'Meats', '2017-05-27 05:00:22', '2017-05-27 05:00:22'),
(87, 'Ground Lamb', 'Meats', '2017-05-27 05:00:22', '2017-05-27 05:00:22'),
(88, 'Beef Ribs', 'Meats', '2017-05-27 05:00:22', '2017-05-27 05:00:22'),
(89, 'Duck', 'Meats', '2017-05-27 05:00:22', '2017-05-27 05:00:22'),
(90, 'Pancetta', 'Meats', '2017-05-27 05:00:22', '2017-05-27 05:00:22'),
(91, 'Beef Liver', 'Meats', '2017-05-27 05:00:22', '2017-05-27 05:00:22'),
(92, 'Leg of Lamb', 'Meats', '2017-05-27 05:00:22', '2017-05-27 05:00:22'),
(93, 'Chicken Giblets', 'Meats', '2017-05-27 05:00:22', '2017-05-27 05:00:22'),
(94, 'Beef Shank', 'Meats', '2017-05-27 05:00:22', '2017-05-27 05:00:22'),
(95, 'Pork Belly', 'Meats', '2017-05-27 05:00:22', '2017-05-27 05:00:22'),
(96, 'Cornish Hen', 'Meats', '2017-05-27 05:00:22', '2017-05-27 05:00:22'),
(97, 'Lamb Shoulder', 'Meats', '2017-05-27 05:00:22', '2017-05-27 05:00:22'),
(98, 'Lamb Shank', 'Meats', '2017-05-27 05:00:22', '2017-05-27 05:00:22'),
(99, 'Garlic', 'Vegetables', '2017-05-27 05:00:22', '2017-05-27 05:00:22'),
(100, 'Onion', 'Vegetables', '2017-05-27 05:00:22', '2017-05-27 05:00:22'),
(101, 'Olive', 'Vegetables', '2017-05-27 05:00:22', '2017-05-27 05:00:22'),
(102, 'Tomato', 'Vegetables', '2017-05-27 05:00:22', '2017-05-27 05:00:22'),
(103, 'Potato', 'Vegetables', '2017-05-27 05:00:22', '2017-05-27 05:00:22'),
(104, 'Salad Greens', 'Vegetables', '2017-05-27 05:00:22', '2017-05-27 05:00:22'),
(105, 'Carrot', 'Vegetables', '2017-05-27 05:00:22', '2017-05-27 05:00:22'),
(106, 'Basil', 'Vegetables', '2017-05-27 05:00:22', '2017-05-27 05:00:22'),
(107, 'Parsley', 'Vegetables', '2017-05-27 05:00:22', '2017-05-27 05:00:22'),
(108, 'Rosemary', 'Vegetables', '2017-05-27 05:00:22', '2017-05-27 05:00:22'),
(109, 'Bell Pepper', 'Vegetables', '2017-05-27 05:00:22', '2017-05-27 05:00:22'),
(110, 'Chili Pepper', 'Vegetables', '2017-05-27 05:00:22', '2017-05-27 05:00:22'),
(111, 'Corn', 'Vegetables', '2017-05-27 05:00:22', '2017-05-27 05:00:22'),
(112, 'Ginger', 'Vegetables', '2017-05-27 05:00:22', '2017-05-27 05:00:22'),
(113, 'Mushroom', 'Vegetables', '2017-05-27 05:00:22', '2017-05-27 05:00:22'),
(114, 'Broccoli', 'Vegetables', '2017-05-27 05:00:22', '2017-05-27 05:00:22'),
(115, 'Spinach', 'Vegetables', '2017-05-27 05:00:22', '2017-05-27 05:00:22'),
(116, 'Green Beans', 'Vegetables', '2017-05-27 05:00:22', '2017-05-27 05:00:22'),
(117, 'Celery', 'Vegetables', '2017-05-27 05:00:22', '2017-05-27 05:00:22'),
(118, 'Red Onion', 'Vegetables', '2017-05-27 05:00:22', '2017-05-27 05:00:22'),
(119, 'Cilantro', 'Vegetables', '2017-05-27 05:00:22', '2017-05-27 05:00:22'),
(120, 'Cucumber', 'Vegetables', '2017-05-27 05:00:22', '2017-05-27 05:00:22'),
(121, 'Pickle', 'Vegetables', '2017-05-27 05:00:22', '2017-05-27 05:00:22'),
(122, 'Dill', 'Vegetables', '2017-05-27 05:00:22', '2017-05-27 05:00:22'),
(123, 'Avocado', 'Vegetables', '2017-05-27 05:00:22', '2017-05-27 05:00:22'),
(124, 'Sweet Potato', 'Vegetables', '2017-05-27 05:00:22', '2017-05-27 05:00:22'),
(125, 'Zucchini', 'Vegetables', '2017-05-27 05:00:22', '2017-05-27 05:00:22'),
(126, 'Shallot', 'Vegetables', '2017-05-27 05:00:22', '2017-05-27 05:00:22'),
(127, 'Mixed Vegetables', 'Vegetables', '2017-05-27 05:00:22', '2017-05-27 05:00:22'),
(128, 'Cabbage', 'Vegetables', '2017-05-27 05:00:22', '2017-05-27 05:00:22'),
(129, 'Asparagus', 'Vegetables', '2017-05-27 05:00:22', '2017-05-27 05:00:22'),
(130, 'Cauliflower', 'Vegetables', '2017-05-27 05:00:22', '2017-05-27 05:00:22'),
(131, 'Mint', 'Vegetables', '2017-05-27 05:00:22', '2017-05-27 05:00:22'),
(132, 'Pumpkin', 'Vegetables', '2017-05-27 05:00:22', '2017-05-27 05:00:22'),
(133, 'Kale', 'Vegetables', '2017-05-27 05:00:22', '2017-05-27 05:00:22'),
(134, 'Frozen Vegetables', 'Vegetables', '2017-05-27 05:00:22', '2017-05-27 05:00:22'),
(135, 'Scallion', 'Vegetables', '2017-05-27 05:00:22', '2017-05-27 05:00:22'),
(136, 'Squash', 'Vegetables', '2017-05-27 05:00:22', '2017-05-27 05:00:22'),
(137, 'Sun Dried Tomato', 'Vegetables', '2017-05-27 05:00:22', '2017-05-27 05:00:22'),
(138, 'Horseradish', 'Vegetables', '2017-05-27 05:00:22', '2017-05-27 05:00:22'),
(139, 'Sweet Corn', 'Vegetables', '2017-05-27 05:00:22', '2017-05-27 05:00:22'),
(140, 'Beet', 'Vegetables', '2017-05-27 05:00:22', '2017-05-27 05:00:22'),
(141, 'Lemon', 'Fruits', '2017-05-27 05:00:22', '2017-05-27 05:00:22'),
(142, 'Banana', 'Fruits', '2017-05-27 05:00:22', '2017-05-27 05:00:22'),
(143, 'Apple', 'Fruits', '2017-05-27 05:00:22', '2017-05-27 05:00:22'),
(144, 'Coconut', 'Fruits', '2017-05-27 05:00:22', '2017-05-27 05:00:22'),
(145, 'Mango', 'Fruits', '2017-05-27 05:00:22', '2017-05-27 05:00:22'),
(146, 'Lime', 'Fruits', '2017-05-27 05:00:22', '2017-05-27 05:00:22'),
(147, 'Orange', 'Fruits', '2017-05-27 05:00:22', '2017-05-27 05:00:22'),
(148, 'Pineapple', 'Fruits', '2017-05-27 05:00:22', '2017-05-27 05:00:22'),
(149, 'Strawberries', 'Fruits', '2017-05-27 05:00:22', '2017-05-27 05:00:22'),
(150, 'Raisin', 'Fruits', '2017-05-27 05:00:22', '2017-05-27 05:00:22'),
(151, 'Blueberries', 'Fruits', '2017-05-27 05:00:22', '2017-05-27 05:00:22'),
(152, 'Grapefruit', 'Fruits', '2017-05-27 05:00:22', '2017-05-27 05:00:22'),
(153, 'Grape', 'Fruits', '2017-05-27 05:00:22', '2017-05-27 05:00:22'),
(154, 'Prunes', 'Fruits', '2017-05-27 05:00:22', '2017-05-27 05:00:22'),
(155, 'Nectarine', 'Fruits', '2017-05-27 05:00:22', '2017-05-27 05:00:22'),
(156, 'Fig', 'Fruits', '2017-05-27 05:00:22', '2017-05-27 05:00:22'),
(157, 'Peach', 'Fruits', '2017-05-27 05:00:22', '2017-05-27 05:00:22'),
(158, 'Cranberries', 'Fruits', '2017-05-27 05:00:22', '2017-05-27 05:00:22'),
(159, 'Raspberries', 'Fruits', '2017-05-27 05:00:22', '2017-05-27 05:00:22'),
(160, 'Pear', 'Fruits', '2017-05-27 05:00:22', '2017-05-27 05:00:22'),
(161, 'Cherry', 'Fruits', '2017-05-27 05:00:22', '2017-05-27 05:00:22'),
(162, 'Apricot', 'Fruits', '2017-05-27 05:00:22', '2017-05-27 05:00:22'),
(163, 'Blackberries', 'Fruits', '2017-05-27 05:00:22', '2017-05-27 05:00:22'),
(164, 'Berries', 'Fruits', '2017-05-27 05:00:22', '2017-05-27 05:00:22'),
(165, 'Date', 'Fruits', '2017-05-27 05:00:22', '2017-05-27 05:00:22'),
(166, 'Watermelon', 'Fruits', '2017-05-27 05:00:22', '2017-05-27 05:00:22'),
(167, 'Kiwi', 'Fruits', '2017-05-27 05:00:22', '2017-05-27 05:00:22'),
(168, 'Craisins', 'Fruits', '2017-05-27 05:00:22', '2017-05-27 05:00:22'),
(169, 'Mandarin', 'Fruits', '2017-05-27 05:00:22', '2017-05-27 05:00:22'),
(170, 'Cantaloupe', 'Fruits', '2017-05-27 05:00:22', '2017-05-27 05:00:22'),
(171, 'Plum', 'Fruits', '2017-05-27 05:00:22', '2017-05-27 05:00:22'),
(172, 'Papaya', 'Fruits', '2017-05-27 05:00:22', '2017-05-27 05:00:22'),
(173, 'Pomegranate', 'Fruits', '2017-05-27 05:00:22', '2017-05-27 05:00:22'),
(174, 'Apple Butter', 'Fruits', '2017-05-27 05:00:22', '2017-05-27 05:00:22'),
(175, 'Clementine', 'Fruits', '2017-05-27 05:00:22', '2017-05-27 05:00:22'),
(176, 'Rhubarb', 'Fruits', '2017-05-27 05:00:22', '2017-05-27 05:00:22'),
(177, 'Tangerine', 'Fruits', '2017-05-27 05:00:22', '2017-05-27 05:00:22'),
(178, 'Sultanas', 'Fruits', '2017-05-27 05:00:22', '2017-05-27 05:00:22'),
(179, 'Currant', 'Fruits', '2017-05-27 05:00:22', '2017-05-27 05:00:22'),
(180, 'Plantain', 'Fruits', '2017-05-27 05:00:22', '2017-05-27 05:00:22'),
(181, 'Passion Fruit', 'Fruits', '2017-05-27 05:00:22', '2017-05-27 05:00:22'),
(182, 'Persimmons', 'Fruits', '2017-05-27 05:00:22', '2017-05-27 05:00:22'),
(183, 'Quince', 'Fruits', '2017-05-27 05:00:22', '2017-05-27 05:00:22'),
(184, 'Lychee', 'Fruits', '2017-05-27 05:00:22', '2017-05-27 05:00:22'),
(185, 'Tangelos', 'Fruits', '2017-05-27 05:00:22', '2017-05-27 05:00:22'),
(186, 'Lingonberry', 'Fruits', '2017-05-27 05:00:22', '2017-05-27 05:00:22'),
(187, 'Kumquat', 'Fruits', '2017-05-27 05:00:22', '2017-05-27 05:00:22'),
(188, 'Boysenberry', 'Fruits', '2017-05-27 05:00:22', '2017-05-27 05:00:22'),
(189, 'Star Fruit', 'Fruits', '2017-05-27 05:00:22', '2017-05-27 05:00:22'),
(190, 'Guava', 'Fruits', '2017-05-27 05:00:22', '2017-05-27 05:00:22'),
(191, 'Red Pepper Flake', 'Spices', '2017-05-27 05:00:22', '2017-05-27 05:00:22'),
(192, 'Cinnamon', 'Spices', '2017-05-27 05:00:22', '2017-05-27 05:00:22'),
(193, 'Chive', 'Spices', '2017-05-27 05:00:22', '2017-05-27 05:00:22'),
(194, 'Vanilla', 'Spices', '2017-05-27 05:00:22', '2017-05-27 05:00:22'),
(195, 'Garlic Powder', 'Spices', '2017-05-27 05:00:22', '2017-05-27 05:00:22'),
(196, 'Oregano', 'Spices', '2017-05-27 05:00:22', '2017-05-27 05:00:22'),
(197, 'Paprika', 'Spices', '2017-05-27 05:00:22', '2017-05-27 05:00:22'),
(198, 'Cayenne', 'Spices', '2017-05-27 05:00:22', '2017-05-27 05:00:22'),
(199, 'Chili Powder', 'Spices', '2017-05-27 05:00:22', '2017-05-27 05:00:22'),
(200, 'Cumin', 'Spices', '2017-05-27 05:00:22', '2017-05-27 05:00:22'),
(201, 'Italian Seasoning', 'Spices', '2017-05-27 05:00:22', '2017-05-27 05:00:22'),
(202, 'Thyme', 'Spices', '2017-05-27 05:00:22', '2017-05-27 05:00:22'),
(203, 'Peppercorn', 'Spices', '2017-05-27 05:00:22', '2017-05-27 05:00:22'),
(204, 'Nutmeg', 'Spices', '2017-05-27 05:00:22', '2017-05-27 05:00:22'),
(205, 'Onion Powder', 'Spices', '2017-05-27 05:00:22', '2017-05-27 05:00:22'),
(206, 'Curry Powder', 'Spices', '2017-05-27 05:00:22', '2017-05-27 05:00:22'),
(207, 'Clove', 'Spices', '2017-05-27 05:00:22', '2017-05-27 05:00:22'),
(208, 'Bay Leaf', 'Spices', '2017-05-27 05:00:22', '2017-05-27 05:00:22'),
(209, 'Taco Seasoning', 'Spices', '2017-05-27 05:00:22', '2017-05-27 05:00:22'),
(210, 'Sage', 'Spices', '2017-05-27 05:00:22', '2017-05-27 05:00:22'),
(211, 'Ground Nutmeg', 'Spices', '2017-05-27 05:00:22', '2017-05-27 05:00:22'),
(212, 'Chinese Five Spice', 'Spices', '2017-05-27 05:00:22', '2017-05-27 05:00:22'),
(213, 'Allspice', 'Spices', '2017-05-27 05:00:22', '2017-05-27 05:00:22'),
(214, 'Turmeric', 'Spices', '2017-05-27 05:00:22', '2017-05-27 05:00:22'),
(215, 'Ground Coriander', 'Spices', '2017-05-27 05:00:22', '2017-05-27 05:00:22'),
(216, 'Coriander', 'Spices', '2017-05-27 05:00:22', '2017-05-27 05:00:22'),
(217, 'Cajun Seasoning', 'Spices', '2017-05-27 05:00:22', '2017-05-27 05:00:22'),
(218, 'Steak Seasoning', 'Spices', '2017-05-27 05:00:22', '2017-05-27 05:00:22'),
(219, 'Herbs', 'Spices', '2017-05-27 05:00:22', '2017-05-27 05:00:22'),
(220, 'Celery Salt', 'Spices', '2017-05-27 05:00:22', '2017-05-27 05:00:22'),
(221, 'Vanilla Essence', 'Spices', '2017-05-27 05:00:22', '2017-05-27 05:00:22'),
(222, 'Poultry Seasoning', 'Spices', '2017-05-27 05:00:22', '2017-05-27 05:00:22'),
(223, 'Marjoram', 'Spices', '2017-05-27 05:00:22', '2017-05-27 05:00:22'),
(224, 'Tarragon', 'Spices', '2017-05-27 05:00:22', '2017-05-27 05:00:22'),
(225, 'Cardamom', 'Spices', '2017-05-27 05:00:22', '2017-05-27 05:00:22'),
(226, 'Celery Seed', 'Spices', '2017-05-27 05:00:22', '2017-05-27 05:00:22'),
(227, 'Garam Masala', 'Spices', '2017-05-27 05:00:22', '2017-05-27 05:00:22'),
(228, 'Mustard', 'Spices', '2017-05-27 05:00:22', '2017-05-27 05:00:22'),
(229, 'Seed', 'Spices', '2017-05-27 05:00:22', '2017-05-27 05:00:22'),
(230, 'Chile Powder', 'Spices', '2017-05-27 05:00:22', '2017-05-27 05:00:22'),
(231, 'Italian Herbs', 'Spices', '2017-05-27 05:00:22', '2017-05-27 05:00:22'),
(232, 'Saffron', 'Spices', '2017-05-27 05:00:22', '2017-05-27 05:00:22'),
(233, 'Caraway', 'Spices', '2017-05-27 05:00:22', '2017-05-27 05:00:22'),
(234, 'Herbes de Provence', 'Spices', '2017-05-27 05:00:22', '2017-05-27 05:00:22'),
(235, 'Italian Spice', 'Spices', '2017-05-27 05:00:22', '2017-05-27 05:00:22'),
(236, 'Star Anise', 'Spices', '2017-05-27 05:00:22', '2017-05-27 05:00:22'),
(237, 'Savory', 'Spices', '2017-05-27 05:00:22', '2017-05-27 05:00:22'),
(238, 'Dill Seed', 'Spices', '2017-05-27 05:00:22', '2017-05-27 05:00:22'),
(239, 'Aniseed', 'Spices', '2017-05-27 05:00:22', '2017-05-27 05:00:22'),
(240, 'Cacao', 'Spices', '2017-05-27 05:00:22', '2017-05-27 05:00:22'),
(241, 'Tamarind', 'Spices', '2017-05-27 05:00:22', '2017-05-27 05:00:22'),
(242, 'Canned Tuna', 'Fish', '2017-05-27 05:00:22', '2017-05-27 05:00:22'),
(243, 'Salmon', 'Fish', '2017-05-27 05:00:22', '2017-05-27 05:00:22'),
(244, 'Fish Fillets', 'Fish', '2017-05-27 05:00:22', '2017-05-27 05:00:22'),
(245, 'Tilapia', 'Fish', '2017-05-27 05:00:22', '2017-05-27 05:00:22'),
(246, 'Haddock', 'Fish', '2017-05-27 05:00:22', '2017-05-27 05:00:22'),
(247, 'Grouper', 'Fish', '2017-05-27 05:00:22', '2017-05-27 05:00:22'),
(248, 'Cod', 'Fish', '2017-05-27 05:00:22', '2017-05-27 05:00:22'),
(249, 'Flounder', 'Fish', '2017-05-27 05:00:22', '2017-05-27 05:00:22'),
(250, 'Anchovies', 'Fish', '2017-05-27 05:00:22', '2017-05-27 05:00:22'),
(251, 'Tuna Steak', 'Fish', '2017-05-27 05:00:22', '2017-05-27 05:00:22'),
(252, 'Rockfish', 'Fish', '2017-05-27 05:00:22', '2017-05-27 05:00:22'),
(253, 'Sardines', 'Fish', '2017-05-27 05:00:22', '2017-05-27 05:00:22'),
(254, 'Smoked Salmon', 'Fish', '2017-05-27 05:00:22', '2017-05-27 05:00:22'),
(255, 'Monkfish', 'Fish', '2017-05-27 05:00:22', '2017-05-27 05:00:22'),
(256, 'Canned Salmon', 'Fish', '2017-05-27 05:00:22', '2017-05-27 05:00:22'),
(257, 'Whitefish', 'Fish', '2017-05-27 05:00:22', '2017-05-27 05:00:22'),
(258, 'Halibut', 'Fish', '2017-05-27 05:00:22', '2017-05-27 05:00:22'),
(259, 'Trout', 'Fish', '2017-05-27 05:00:22', '2017-05-27 05:00:22'),
(260, 'Mahi Mahi', 'Fish', '2017-05-27 05:00:22', '2017-05-27 05:00:22'),
(261, 'Catfish', 'Fish', '2017-05-27 05:00:22', '2017-05-27 05:00:22'),
(262, 'Sea Bass', 'Fish', '2017-05-27 05:00:22', '2017-05-27 05:00:22'),
(263, 'Mackerel', 'Fish', '2017-05-27 05:00:22', '2017-05-27 05:00:22'),
(264, 'Swordfish', 'Fish', '2017-05-27 05:00:22', '2017-05-27 05:00:22'),
(265, 'Sole', 'Fish', '2017-05-27 05:00:22', '2017-05-27 05:00:22'),
(266, 'Red Snapper', 'Fish', '2017-05-27 05:00:22', '2017-05-27 05:00:22'),
(267, 'Pollock', 'Fish', '2017-05-27 05:00:22', '2017-05-27 05:00:22'),
(268, 'Herring', 'Fish', '2017-05-27 05:00:22', '2017-05-27 05:00:22'),
(269, 'Perch', 'Fish', '2017-05-27 05:00:22', '2017-05-27 05:00:22'),
(270, 'Caviar', 'Fish', '2017-05-27 05:00:22', '2017-05-27 05:00:22'),
(271, 'Pike', 'Fish', '2017-05-27 05:00:22', '2017-05-27 05:00:22'),
(272, 'Bluefish', 'Fish', '2017-05-27 05:00:22', '2017-05-27 05:00:22'),
(273, 'Lemon Sole', 'Fish', '2017-05-27 05:00:22', '2017-05-27 05:00:22'),
(274, 'Eel', 'Fish', '2017-05-27 05:00:22', '2017-05-27 05:00:22'),
(275, 'Carp', 'Fish', '2017-05-27 05:00:22', '2017-05-27 05:00:22'),
(276, 'Cuttlefish', 'Fish', '2017-05-27 05:00:22', '2017-05-27 05:00:22'),
(277, 'Barramundi', 'Fish', '2017-05-27 05:00:22', '2017-05-27 05:00:22'),
(278, 'Wheat Germ', 'Baking & Grains', '2017-05-27 05:00:22', '2017-05-27 05:00:22'),
(279, 'Flour', 'Baking & Grains', '2017-05-27 05:00:22', '2017-05-27 05:00:22'),
(280, 'Rice', 'Baking & Grains', '2017-05-27 05:00:22', '2017-05-27 05:00:22'),
(281, 'Pasta', 'Baking & Grains', '2017-05-27 05:00:22', '2017-05-27 05:00:22'),
(282, 'Bread', 'Baking & Grains', '2017-05-27 05:00:22', '2017-05-27 05:00:22'),
(283, 'Baking Powder', 'Baking & Grains', '2017-05-27 05:00:22', '2017-05-27 05:00:22'),
(284, 'Bread Flour', 'Baking & Grains', '2017-05-27 05:00:22', '2017-05-27 05:00:22'),
(285, 'Baking Soda', 'Baking & Grains', '2017-05-27 05:00:22', '2017-05-27 05:00:22'),
(286, 'Bread Crumbs', 'Baking & Grains', '2017-05-27 05:00:22', '2017-05-27 05:00:22'),
(287, 'Cornstarch', 'Baking & Grains', '2017-05-27 05:00:22', '2017-05-27 05:00:22'),
(288, 'Semolina', 'Baking & Grains', '2017-05-27 05:00:22', '2017-05-27 05:00:22'),
(289, 'Noodle', 'Baking & Grains', '2017-05-27 05:00:22', '2017-05-27 05:00:22'),
(290, 'Rolled Oats', 'Baking & Grains', '2017-05-27 05:00:22', '2017-05-27 05:00:22'),
(291, 'Yeast', 'Baking & Grains', '2017-05-27 05:00:22', '2017-05-27 05:00:22'),
(292, 'Cracker', 'Baking & Grains', '2017-05-27 05:00:22', '2017-05-27 05:00:22'),
(293, 'Quinoa', 'Baking & Grains', '2017-05-27 05:00:22', '2017-05-27 05:00:22'),
(294, 'Pancake Mix', 'Baking & Grains', '2017-05-27 05:00:22', '2017-05-27 05:00:22'),
(295, 'Flour Tortillas', 'Baking & Grains', '2017-05-27 05:00:22', '2017-05-27 05:00:22'),
(296, 'Cornmeal', 'Baking & Grains', '2017-05-27 05:00:22', '2017-05-27 05:00:22'),
(297, 'Chips', 'Baking & Grains', '2017-05-27 05:00:22', '2017-05-27 05:00:22'),
(298, 'Saltines', 'Baking & Grains', '2017-05-27 05:00:22', '2017-05-27 05:00:22'),
(299, 'Brown Rice', 'Baking & Grains', '2017-05-27 05:00:22', '2017-05-27 05:00:22'),
(300, 'Popcorn', 'Baking & Grains', '2017-05-27 05:00:22', '2017-05-27 05:00:22'),
(301, 'Self Rising Flour', 'Baking & Grains', '2017-05-27 05:00:22', '2017-05-27 05:00:22'),
(302, 'Macaroni Cheese Mix', 'Baking & Grains', '2017-05-27 05:00:22', '2017-05-27 05:00:22'),
(303, 'Corn Tortillas', 'Baking & Grains', '2017-05-27 05:00:22', '2017-05-27 05:00:22'),
(304, 'Stuffing Mix', 'Baking & Grains', '2017-05-27 05:00:22', '2017-05-27 05:00:22'),
(305, 'Biscuits', 'Baking & Grains', '2017-05-27 05:00:22', '2017-05-27 05:00:22'),
(306, 'Couscous', 'Baking & Grains', '2017-05-27 05:00:22', '2017-05-27 05:00:22'),
(307, 'Pie Crust', 'Baking & Grains', '2017-05-27 05:00:22', '2017-05-27 05:00:22'),
(308, 'Pita', 'Baking & Grains', '2017-05-27 05:00:22', '2017-05-27 05:00:22'),
(309, 'Bisquick', 'Baking & Grains', '2017-05-27 05:00:22', '2017-05-27 05:00:22'),
(310, 'Cereal', 'Baking & Grains', '2017-05-27 05:00:22', '2017-05-27 05:00:22'),
(311, 'Angel Hair', 'Baking & Grains', '2017-05-27 05:00:22', '2017-05-27 05:00:22'),
(312, 'Croutons', 'Baking & Grains', '2017-05-27 05:00:22', '2017-05-27 05:00:22'),
(313, 'Lasagne', 'Baking & Grains', '2017-05-27 05:00:22', '2017-05-27 05:00:22'),
(314, 'Ramen', 'Baking & Grains', '2017-05-27 05:00:22', '2017-05-27 05:00:22'),
(315, 'Baguette', 'Baking & Grains', '2017-05-27 05:00:22', '2017-05-27 05:00:22'),
(316, 'Pizza Dough', 'Baking & Grains', '2017-05-27 05:00:22', '2017-05-27 05:00:22'),
(317, 'Barley', 'Baking & Grains', '2017-05-27 05:00:22', '2017-05-27 05:00:22'),
(318, 'Puff Pastry', 'Baking & Grains', '2017-05-27 05:00:22', '2017-05-27 05:00:22'),
(319, 'Cake Mix', 'Baking & Grains', '2017-05-27 05:00:22', '2017-05-27 05:00:22'),
(320, 'Bagel', 'Baking & Grains', '2017-05-27 05:00:22', '2017-05-27 05:00:22'),
(321, 'Pretzel', 'Baking & Grains', '2017-05-27 05:00:22', '2017-05-27 05:00:22'),
(322, 'Cream of Wheat', 'Baking & Grains', '2017-05-27 05:00:22', '2017-05-27 05:00:22'),
(323, 'Multigrain Bread', 'Baking & Grains', '2017-05-27 05:00:22', '2017-05-27 05:00:22'),
(324, 'Crescent Roll Dough', 'Baking & Grains', '2017-05-27 05:00:22', '2017-05-27 05:00:22'),
(325, 'Pierogi', 'Baking & Grains', '2017-05-27 05:00:22', '2017-05-27 05:00:22'),
(326, 'Hot Dog Bun', 'Baking & Grains', '2017-05-27 05:00:22', '2017-05-27 05:00:22'),
(327, 'Filo Dough', 'Baking & Grains', '2017-05-27 05:00:22', '2017-05-27 05:00:22'),
(328, 'Wheat', 'Baking & Grains', '2017-05-27 05:00:22', '2017-05-27 05:00:22'),
(329, 'Ravioli', 'Baking & Grains', '2017-05-27 05:00:22', '2017-05-27 05:00:22'),
(330, 'Muffin Mix', 'Baking & Grains', '2017-05-27 05:00:22', '2017-05-27 05:00:22'),
(331, 'Gnocchi', 'Baking & Grains', '2017-05-27 05:00:22', '2017-05-27 05:00:22'),
(332, 'Bread Dough', 'Baking & Grains', '2017-05-27 05:00:22', '2017-05-27 05:00:22'),
(333, 'Potato Flakes', 'Baking & Grains', '2017-05-27 05:00:22', '2017-05-27 05:00:22'),
(334, 'Rye', 'Baking & Grains', '2017-05-27 05:00:22', '2017-05-27 05:00:22'),
(335, 'Croissants', 'Baking & Grains', '2017-05-27 05:00:22', '2017-05-27 05:00:22'),
(336, 'Matzo Meal', 'Baking & Grains', '2017-05-27 05:00:22', '2017-05-27 05:00:22'),
(337, 'Shortcrust Pastry', 'Baking & Grains', '2017-05-27 05:00:22', '2017-05-27 05:00:22'),
(338, 'Ciabatta', 'Baking & Grains', '2017-05-27 05:00:22', '2017-05-27 05:00:22'),
(339, 'Breadsticks', 'Baking & Grains', '2017-05-27 05:00:22', '2017-05-27 05:00:22'),
(340, 'Angel Food', 'Baking & Grains', '2017-05-27 05:00:22', '2017-05-27 05:00:22'),
(341, 'Risotto', 'Baking & Grains', '2017-05-27 05:00:22', '2017-05-27 05:00:22'),
(342, 'Spelt', 'Baking & Grains', '2017-05-27 05:00:22', '2017-05-27 05:00:22'),
(343, 'Vegetable Oil', 'Oils', '2017-05-27 05:00:22', '2017-05-27 05:00:22'),
(344, 'Olive Oil', 'Oils', '2017-05-27 05:00:22', '2017-05-27 05:00:22'),
(345, 'Peanut Oil', 'Oils', '2017-05-27 05:00:22', '2017-05-27 05:00:22'),
(346, 'Cooking Spray', 'Oils', '2017-05-27 05:00:22', '2017-05-27 05:00:22'),
(347, 'Shortening', 'Oils', '2017-05-27 05:00:22', '2017-05-27 05:00:22'),
(348, 'Lard', 'Oils', '2017-05-27 05:00:22', '2017-05-27 05:00:22'),
(349, 'Almond Oil', 'Oils', '2017-05-27 05:00:22', '2017-05-27 05:00:22'),
(350, 'Grape Seed Oil', 'Oils', '2017-05-27 05:00:22', '2017-05-27 05:00:22'),
(351, 'Shrimp', 'Seafood', '2017-05-27 05:00:22', '2017-05-27 05:00:22'),
(352, 'Cockle', 'Seafood', '2017-05-27 05:00:22', '2017-05-27 05:00:22'),
(353, 'Crawfish', 'Seafood', '2017-05-27 05:00:22', '2017-05-27 05:00:22'),
(354, 'Crab', 'Seafood', '2017-05-27 05:00:22', '2017-05-27 05:00:22'),
(355, 'Scallop', 'Seafood', '2017-05-27 05:00:22', '2017-05-27 05:00:22'),
(356, 'Prawns', 'Seafood', '2017-05-27 05:00:22', '2017-05-27 05:00:22'),
(357, 'Clam', 'Seafood', '2017-05-27 05:00:22', '2017-05-27 05:00:22'),
(358, 'Lobster', 'Seafood', '2017-05-27 05:00:22', '2017-05-27 05:00:22'),
(359, 'Octopus', 'Seafood', '2017-05-27 05:00:22', '2017-05-27 05:00:22'),
(360, 'Calamari', 'Seafood', '2017-05-27 05:00:22', '2017-05-27 05:00:22'),
(361, 'Squid', 'Seafood', '2017-05-27 05:00:22', '2017-05-27 05:00:22'),
(362, 'Oyster', 'Seafood', '2017-05-27 05:00:22', '2017-05-27 05:00:22'),
(363, 'Mussel', 'Seafood', '2017-05-27 05:00:22', '2017-05-27 05:00:22'),
(364, 'Sugar', 'Added sweeteners', '2017-05-27 05:00:22', '2017-05-27 05:00:22'),
(365, 'Honey', 'Added sweeteners', '2017-05-27 05:00:22', '2017-05-27 05:00:22'),
(366, 'Confectioners Sugar', 'Added sweeteners', '2017-05-27 05:00:22', '2017-05-27 05:00:22'),
(367, 'Maple Syrup', 'Added sweeteners', '2017-05-27 05:00:22', '2017-05-27 05:00:22'),
(368, 'Syrup', 'Added sweeteners', '2017-05-27 05:00:22', '2017-05-27 05:00:22'),
(369, 'Molasses', 'Added sweeteners', '2017-05-27 05:00:22', '2017-05-27 05:00:22'),
(370, 'Corn Syrup', 'Added sweeteners', '2017-05-27 05:00:22', '2017-05-27 05:00:22'),
(371, 'Cream of Tartar', 'Seasonings', '2017-05-27 05:00:22', '2017-05-27 05:00:22'),
(372, 'Bouillon', 'Seasonings', '2017-05-27 05:00:22', '2017-05-27 05:00:22'),
(373, 'Ground Ginger', 'Seasonings', '2017-05-27 05:00:22', '2017-05-27 05:00:22'),
(374, 'Sesame Seed', 'Seasonings', '2017-05-27 05:00:22', '2017-05-27 05:00:22'),
(375, 'Apple Cider', 'Seasonings', '2017-05-27 05:00:22', '2017-05-27 05:00:22'),
(376, 'Chili Sauce', 'Seasonings', '2017-05-27 05:00:22', '2017-05-27 05:00:22'),
(377, 'Liquid Smoke', 'Seasonings', '2017-05-27 05:00:22', '2017-05-27 05:00:22'),
(378, 'Balsamic Glaze', 'Seasonings', '2017-05-27 05:00:22', '2017-05-27 05:00:22'),
(379, 'Hoisin Sauce', 'Seasonings', '2017-05-27 05:00:22', '2017-05-27 05:00:22'),
(380, 'Vegetable Bouillon', 'Seasonings', '2017-05-27 05:00:22', '2017-05-27 05:00:22'),
(381, 'Soya Sauce', 'Seasonings', '2017-05-27 05:00:22', '2017-05-27 05:00:22'),
(382, 'Rice Wine', 'Seasonings', '2017-05-27 05:00:22', '2017-05-27 05:00:22'),
(383, 'Rose Water', 'Seasonings', '2017-05-27 05:00:22', '2017-05-27 05:00:22'),
(384, 'Fish Stock', 'Seasonings', '2017-05-27 05:00:22', '2017-05-27 05:00:22'),
(385, 'Champagne Vinegar', 'Seasonings', '2017-05-27 05:00:22', '2017-05-27 05:00:22'),
(386, 'Peanut Butter', 'Nuts', '2017-05-27 05:00:22', '2017-05-27 05:00:22'),
(387, 'Chestnut', 'Nuts', '2017-05-27 05:00:22', '2017-05-27 05:00:22'),
(388, 'Almond', 'Nuts', '2017-05-27 05:00:22', '2017-05-27 05:00:22'),
(389, 'Cashew', 'Nuts', '2017-05-27 05:00:22', '2017-05-27 05:00:22'),
(390, 'Walnut', 'Nuts', '2017-05-27 05:00:22', '2017-05-27 05:00:22'),
(391, 'Peanut', 'Nuts', '2017-05-27 05:00:22', '2017-05-27 05:00:22'),
(392, 'Pecan', 'Nuts', '2017-05-27 05:00:22', '2017-05-27 05:00:22'),
(393, 'Flax', 'Nuts', '2017-05-27 05:00:22', '2017-05-27 05:00:22'),
(394, 'Pine Nut', 'Nuts', '2017-05-27 05:00:22', '2017-05-27 05:00:22'),
(395, 'Pistachio', 'Nuts', '2017-05-27 05:00:22', '2017-05-27 05:00:22'),
(396, 'Almond Meal', 'Nuts', '2017-05-27 05:00:22', '2017-05-27 05:00:22'),
(397, 'Praline', 'Nuts', '2017-05-27 05:00:22', '2017-05-27 05:00:22'),
(398, 'Hazelnut', 'Nuts', '2017-05-27 05:00:22', '2017-05-27 05:00:22'),
(399, 'Macadamia', 'Nuts', '2017-05-27 05:00:22', '2017-05-27 05:00:22'),
(400, 'Almond Paste', 'Nuts', '2017-05-27 05:00:22', '2017-05-27 05:00:22'),
(401, 'Macaroon', 'Nuts', '2017-05-27 05:00:22', '2017-05-27 05:00:22'),
(402, 'Mayonnaise', 'Condiments', '2017-05-27 05:00:22', '2017-05-27 05:00:22'),
(403, 'Mustard', 'Condiments', '2017-05-27 05:00:22', '2017-05-27 05:00:22'),
(404, 'Ketchup', 'Condiments', '2017-05-27 05:00:22', '2017-05-27 05:00:22'),
(405, 'Vinegar', 'Condiments', '2017-05-27 05:00:22', '2017-05-27 05:00:22'),
(406, 'Balsamic Vinegar', 'Condiments', '2017-05-27 05:00:22', '2017-05-27 05:00:22'),
(407, 'Wine Vinegar', 'Condiments', '2017-05-27 05:00:22', '2017-05-27 05:00:22'),
(408, 'Cider Vinegar', 'Condiments', '2017-05-27 05:00:22', '2017-05-27 05:00:22'),
(409, 'Rice Vinegar', 'Condiments', '2017-05-27 05:00:22', '2017-05-27 05:00:22'),
(410, 'Mirin', 'Condiments', '2017-05-27 05:00:22', '2017-05-27 05:00:22'),
(411, 'Apple Cider Vinegar', 'Condiments', '2017-05-27 05:00:22', '2017-05-27 05:00:22'),
(412, 'Fish Sauce', 'Condiments', '2017-05-27 05:00:22', '2017-05-27 05:00:22'),
(413, 'Blue Cheese Dressing', 'Condiments', '2017-05-27 05:00:22', '2017-05-27 05:00:22'),
(414, 'Chocolate', 'Desert & snacks', '2017-05-27 05:00:22', '2017-05-27 05:00:22'),
(415, 'Apple Sauce', 'Desert & snacks', '2017-05-27 05:00:22', '2017-05-27 05:00:22'),
(416, 'Graham Cracker', 'Desert & snacks', '2017-05-27 05:00:22', '2017-05-27 05:00:22'),
(417, 'Marshmallow', 'Desert & snacks', '2017-05-27 05:00:22', '2017-05-27 05:00:22'),
(418, 'Potato Chips', 'Desert & snacks', '2017-05-27 05:00:22', '2017-05-27 05:00:22'),
(419, 'Pudding Mix', 'Desert & snacks', '2017-05-27 05:00:22', '2017-05-27 05:00:22'),
(420, 'Chocolate Morsels', 'Desert & snacks', '2017-05-27 05:00:22', '2017-05-27 05:00:22'),
(421, 'Bittersweet Chocolate', 'Desert & snacks', '2017-05-27 05:00:22', '2017-05-27 05:00:22'),
(422, 'Cookie Dough', 'Desert & snacks', '2017-05-27 05:00:22', '2017-05-27 05:00:22'),
(423, 'Chocolate Syrup', 'Desert & snacks', '2017-05-27 05:00:22', '2017-05-27 05:00:22'),
(424, 'Nutella', 'Desert & snacks', '2017-05-27 05:00:22', '2017-05-27 05:00:22'),
(425, 'Apple Juice', 'Beverages', '2017-05-27 05:00:22', '2017-05-27 05:00:22'),
(426, 'Coffee', 'Beverages', '2017-05-27 05:00:22', '2017-05-27 05:00:22'),
(427, 'Orange Juice', 'Beverages', '2017-05-27 05:00:22', '2017-05-27 05:00:22'),
(428, 'Tea', 'Beverages', '2017-05-27 05:00:22', '2017-05-27 05:00:22'),
(429, 'Espresso', 'Beverages', '2017-05-27 05:00:22', '2017-05-27 05:00:22'),
(430, 'Tomato Juice', 'Beverages', '2017-05-27 05:00:22', '2017-05-27 05:00:22'),
(431, 'Green Tea', 'Beverages', '2017-05-27 05:00:22', '2017-05-27 05:00:22'),
(432, 'Cranberry Juice', 'Beverages', '2017-05-27 05:00:22', '2017-05-27 05:00:22'),
(433, 'Coke', 'Beverages', '2017-05-27 05:00:22', '2017-05-27 05:00:22'),
(434, 'Lemonade', 'Beverages', '2017-05-27 05:00:22', '2017-05-27 05:00:22'),
(435, 'Ginger Ale', 'Beverages', '2017-05-27 05:00:22', '2017-05-27 05:00:22'),
(436, 'Pineapple Juice', 'Beverages', '2017-05-27 05:00:22', '2017-05-27 05:00:22'),
(437, 'Fruit Juice', 'Beverages', '2017-05-27 05:00:22', '2017-05-27 05:00:22'),
(438, 'Club Soda', 'Beverages', '2017-05-27 05:00:22', '2017-05-27 05:00:22'),
(439, 'Sprite', 'Beverages', '2017-05-27 05:00:22', '2017-05-27 05:00:22'),
(440, 'Grenadine', 'Beverages', '2017-05-27 05:00:22', '2017-05-27 05:00:22'),
(441, 'Margarita Mix', 'Beverages', '2017-05-27 05:00:22', '2017-05-27 05:00:22'),
(442, 'Chicken Broth', 'Soups', '2017-05-27 05:00:22', '2017-05-27 05:00:22'),
(443, 'Mushroom Soup', 'Soups', '2017-05-27 05:00:22', '2017-05-27 05:00:22'),
(444, 'Beef Broth', 'Soups', '2017-05-27 05:00:22', '2017-05-27 05:00:22'),
(445, 'Tomato Soup', 'Soups', '2017-05-27 05:00:22', '2017-05-27 05:00:22'),
(446, 'Vegetable Stock', 'Soups', '2017-05-27 05:00:22', '2017-05-27 05:00:22'),
(447, 'Chicken Soup', 'Soups', '2017-05-27 05:00:22', '2017-05-27 05:00:22'),
(448, 'Celery Soup', 'Soups', '2017-05-27 05:00:22', '2017-05-27 05:00:22'),
(449, 'Onion Soup', 'Soups', '2017-05-27 05:00:22', '2017-05-27 05:00:22'),
(450, 'Vegetable Soup', 'Soups', '2017-05-27 05:00:22', '2017-05-27 05:00:22'),
(451, 'Dashi', 'Soups', '2017-05-27 05:00:22', '2017-05-27 05:00:22'),
(452, 'Soy Milk', 'Dairy alternatives', '2017-05-27 05:00:22', '2017-05-27 05:00:22'),
(453, 'Almond Milk', 'Dairy alternatives', '2017-05-27 05:00:22', '2017-05-27 05:00:22'),
(454, 'Coconut Milk', 'Dairy alternatives', '2017-05-27 05:00:22', '2017-05-27 05:00:22'),
(455, 'Hemp Milk', 'Dairy alternatives', '2017-05-27 05:00:22', '2017-05-27 05:00:22'),
(456, 'Peas', 'Peas', '2017-05-27 05:00:22', '2017-05-27 05:00:22'),
(457, 'Black Beans', 'Peas', '2017-05-27 05:00:22', '2017-05-27 05:00:22'),
(458, 'Chickpea', 'Peas', '2017-05-27 05:00:22', '2017-05-27 05:00:22'),
(459, 'Lentil', 'Peas', '2017-05-27 05:00:22', '2017-05-27 05:00:22'),
(460, 'Hummus', 'Peas', '2017-05-27 05:00:22', '2017-05-27 05:00:22'),
(461, 'Soybeans', 'Peas', '2017-05-27 05:00:22', '2017-05-27 05:00:22'),
(462, 'Pinto Beans', 'Peas', '2017-05-27 05:00:22', '2017-05-27 05:00:22'),
(463, 'Cannellini Beans', 'Peas', '2017-05-27 05:00:22', '2017-05-27 05:00:22'),
(464, 'Navy Beans', 'Peas', '2017-05-27 05:00:22', '2017-05-27 05:00:22'),
(465, 'Kidney Beans', 'Peas', '2017-05-27 05:00:22', '2017-05-27 05:00:22'),
(466, 'Lima Beans', 'Peas', '2017-05-27 05:00:22', '2017-05-27 05:00:22'),
(467, 'Green Beans', 'Peas', '2017-05-27 05:00:22', '2017-05-27 05:00:22'),
(468, 'French Beans', 'Peas', '2017-05-27 05:00:22', '2017-05-27 05:00:22'),
(469, 'Tomato Sauce', 'Sauce', '2017-05-27 05:00:22', '2017-05-27 05:00:22'),
(470, 'Tomato Paste', 'Sauce', '2017-05-27 05:00:22', '2017-05-27 05:00:22'),
(471, 'Chicken Gravy', 'Sauce', '2017-05-27 05:00:22', '2017-05-27 05:00:22'),
(472, 'Pesto', 'Sauce', '2017-05-27 05:00:22', '2017-05-27 05:00:22'),
(473, 'Beef Gravy', 'Sauce', '2017-05-27 05:00:22', '2017-05-27 05:00:22'),
(474, 'Alfredo Sauce', 'Sauce', '2017-05-27 05:00:22', '2017-05-27 05:00:22'),
(475, 'Curry Paste', 'Sauce', '2017-05-27 05:00:22', '2017-05-27 05:00:22'),
(476, 'Liqueur', 'Alcohol', '2017-05-27 05:00:22', '2017-05-27 05:00:22'),
(477, 'Whiskey', 'Alcohol', '2017-05-27 05:00:22', '2017-05-27 05:00:22'),
(478, 'Beer', 'Alcohol', '2017-05-27 05:00:22', '2017-05-27 05:00:22'),
(479, 'White Wine', 'Alcohol', '2017-05-27 05:00:22', '2017-05-27 05:00:22'),
(480, 'Red Wine', 'Alcohol', '2017-05-27 05:00:22', '2017-05-27 05:00:22'),
(481, 'Champagne', 'Alcohol', '2017-05-27 05:00:22', '2017-05-27 05:00:22'),
(482, 'Rum', 'Alcohol', '2017-05-27 05:00:22', '2017-05-27 05:00:22'),
(483, 'Frangelico', 'Alcohol', '2017-05-27 05:00:22', '2017-05-27 05:00:22'),
(484, 'Brandy', 'Alcohol', '2017-05-27 05:00:22', '2017-05-27 05:00:22'),
(485, 'Vodka', 'Alcohol', '2017-05-27 05:00:22', '2017-05-27 05:00:22'),
(486, 'Tequila', 'Alcohol', '2017-05-27 05:00:22', '2017-05-27 05:00:22'),
(487, 'Sherry', 'Alcohol', '2017-05-27 05:00:22', '2017-05-27 05:00:22'),
(488, 'Bitters', 'Alcohol', '2017-05-27 05:00:22', '2017-05-27 05:00:22'),
(489, 'Cooking Wine', 'Alcohol', '2017-05-27 05:00:22', '2017-05-27 05:00:22'),
(490, 'Bourbon', 'Alcohol', '2017-05-27 05:00:22', '2017-05-27 05:00:22'),
(491, 'Kahlua', 'Alcohol', '2017-05-27 05:00:22', '2017-05-27 05:00:22'),
(492, 'Gin', 'Alcohol', '2017-05-27 05:00:22', '2017-05-27 05:00:22'),
(493, 'Whisky', 'Alcohol', '2017-05-27 05:00:22', '2017-05-27 05:00:22'),
(494, 'Irish Cream', 'Alcohol', '2017-05-27 05:00:22', '2017-05-27 05:00:22'),
(495, 'Sake', 'Alcohol', '2017-05-27 05:00:22', '2017-05-27 05:00:22'),
(496, 'Amaretto', 'Alcohol', '2017-05-27 05:00:22', '2017-05-27 05:00:22'),
(497, 'Vermouth', 'Alcohol', '2017-05-27 05:00:22', '2017-05-27 05:00:22'),
(498, 'Triple Sec', 'Alcohol', '2017-05-27 05:00:22', '2017-05-27 05:00:22'),
(499, 'Grappa', 'Alcohol', '2017-05-27 05:00:22', '2017-05-27 05:00:22'),
(500, 'Masala', 'Alcohol', '2017-05-27 05:00:22', '2017-05-27 05:00:22'),
(501, 'Grand Marnier', 'Alcohol', '2017-05-27 05:00:22', '2017-05-27 05:00:22'),
(502, 'Cabernet Sauvignon', 'Alcohol', '2017-05-27 05:00:22', '2017-05-27 05:00:22'),
(503, 'Dessert Wine', 'Alcohol', '2017-05-27 05:00:22', '2017-05-27 05:00:22'),
(504, 'Schnapps', 'Alcohol', '2017-05-27 05:00:22', '2017-05-27 05:00:22'),
(505, 'Port Wine', 'Alcohol', '2017-05-27 05:00:22', '2017-05-27 05:00:22'),
(506, 'Burgundy Wine', 'Alcohol', '2017-05-27 05:00:22', '2017-05-27 05:00:22'),
(507, 'Sparkling Wine', 'Alcohol', '2017-05-27 05:00:22', '2017-05-27 05:00:22'),
(508, 'Cognac', 'Alcohol', '2017-05-27 05:00:22', '2017-05-27 05:00:22'),
(509, 'Chocolate Liqueur', 'Alcohol', '2017-05-27 05:00:22', '2017-05-27 05:00:22'),
(510, 'Curacao', 'Alcohol', '2017-05-27 05:00:22', '2017-05-27 05:00:22'),
(511, 'Creme De Menthe', 'Alcohol', '2017-05-27 05:00:22', '2017-05-27 05:00:22'),
(512, 'Limoncello', 'Alcohol', '2017-05-27 05:00:22', '2017-05-27 05:00:22'),
(513, 'Raspberry Liquor', 'Alcohol', '2017-05-27 05:00:22', '2017-05-27 05:00:22'),
(514, 'Bloody Mary', 'Alcohol', '2017-05-27 05:00:22', '2017-05-27 05:00:22'),
(515, 'Shaoxing Wine', 'Alcohol', '2017-05-27 05:00:22', '2017-05-27 05:00:22'),
(516, 'Madeira Wine', 'Alcohol', '2017-05-27 05:00:22', '2017-05-27 05:00:22'),
(517, 'Absinthe', 'Alcohol', '2017-05-27 05:00:22', '2017-05-27 05:00:22'),
(518, 'Ciclon', 'Alcohol', '2017-05-27 05:00:22', '2017-05-27 05:00:22'),
(519, 'Ouzo', 'Alcohol', '2017-05-27 05:00:22', '2017-05-27 05:00:22'),
(520, 'Anisette', 'Alcohol', '2017-05-27 05:00:22', '2017-05-27 05:00:22');

-- --------------------------------------------------------

--
-- Table structure for table `ingredient_recipe`
--

CREATE TABLE `ingredient_recipe` (
  `ingredient_id` int(10) UNSIGNED DEFAULT NULL,
  `recipe_id` int(10) UNSIGNED DEFAULT NULL,
  `created_at` timestamp NULL DEFAULT NULL,
  `updated_at` timestamp NULL DEFAULT NULL
) ENGINE=MyISAM DEFAULT CHARSET=utf8mb4 COLLATE=utf8mb4_unicode_ci;

--
-- Dumping data for table `ingredient_recipe`
--

INSERT INTO `ingredient_recipe` (`ingredient_id`, `recipe_id`, `created_at`, `updated_at`) VALUES
(517, 1, '2017-05-27 14:52:52', '2017-05-27 14:52:52'),
(517, 3, '2017-05-27 15:20:25', '2017-05-27 15:20:25'),
(129, 4, '2017-05-27 15:23:03', '2017-05-27 15:23:03'),
(10, 5, '2017-05-27 16:03:01', '2017-05-27 16:03:01'),
(46, 5, '2017-05-27 16:03:02', '2017-05-27 16:03:02'),
(1, 5, '2017-05-27 16:03:02', '2017-05-27 16:03:02'),
(23, 5, '2017-05-27 16:03:02', '2017-05-27 16:03:02'),
(29, 5, '2017-05-27 16:03:02', '2017-05-27 16:03:02'),
(13, 5, '2017-05-27 16:03:02', '2017-05-27 16:03:02'),
(8, 5, '2017-05-27 16:03:02', '2017-05-27 16:03:02'),
(43, 5, '2017-05-27 16:03:02', '2017-05-27 16:03:02'),
(46, 6, '2017-05-27 16:03:50', '2017-05-27 16:03:50'),
(27, 6, '2017-05-27 16:03:50', '2017-05-27 16:03:50'),
(23, 6, '2017-05-27 16:03:50', '2017-05-27 16:03:50'),
(5, 6, '2017-05-27 16:03:50', '2017-05-27 16:03:50'),
(13, 6, '2017-05-27 16:03:50', '2017-05-27 16:03:50'),
(18, 6, '2017-05-27 16:03:50', '2017-05-27 16:03:50'),
(43, 6, '2017-05-27 16:03:50', '2017-05-27 16:03:50'),
(37, 6, '2017-05-27 16:03:50', '2017-05-27 16:03:50'),
(27, 7, '2017-05-27 16:04:25', '2017-05-27 16:04:25'),
(35, 7, '2017-05-27 16:04:25', '2017-05-27 16:04:25'),
(5, 7, '2017-05-27 16:04:25', '2017-05-27 16:04:25'),
(38, 7, '2017-05-27 16:04:25', '2017-05-27 16:04:25'),
(18, 7, '2017-05-27 16:04:25', '2017-05-27 16:04:25'),
(6, 7, '2017-05-27 16:04:25', '2017-05-27 16:04:25'),
(37, 7, '2017-05-27 16:04:25', '2017-05-27 16:04:25'),
(2, 7, '2017-05-27 16:04:25', '2017-05-27 16:04:25'),
(388, 8, '2017-05-28 06:56:52', '2017-05-28 06:56:52'),
(388, 10, '2017-05-28 15:27:04', '2017-05-28 15:27:04'),
(53, 11, '2017-05-28 21:48:49', '2017-05-28 21:48:49'),
(118, 11, '2017-05-28 21:48:49', '2017-05-28 21:48:49'),
(5, 11, '2017-05-28 21:48:49', '2017-05-28 21:48:49'),
(9, 11, '2017-05-28 21:48:49', '2017-05-28 21:48:49'),
(282, 11, '2017-05-28 21:48:49', '2017-05-28 21:48:49'),
(344, 12, '2017-05-28 21:58:09', '2017-05-28 21:58:09'),
(100, 12, '2017-05-28 21:58:09', '2017-05-28 21:58:09'),
(105, 12, '2017-05-28 21:58:10', '2017-05-28 21:58:10'),
(117, 12, '2017-05-28 21:58:10', '2017-05-28 21:58:10'),
(442, 12, '2017-05-28 21:58:10', '2017-05-28 21:58:10'),
(459, 12, '2017-05-28 21:58:10', '2017-05-28 21:58:10'),
(106, 12, '2017-05-28 21:58:10', '2017-05-28 21:58:10'),
(195, 12, '2017-05-28 21:58:10', '2017-05-28 21:58:10'),
(110, 12, '2017-05-28 21:58:10', '2017-05-28 21:58:10'),
(64, 12, '2017-05-28 21:58:10', '2017-05-28 21:58:10'),
(115, 12, '2017-05-28 21:58:10', '2017-05-28 21:58:10'),
(343, 13, '2017-05-28 22:03:06', '2017-05-28 22:03:06'),
(379, 13, '2017-05-28 22:03:06', '2017-05-28 22:03:06'),
(381, 13, '2017-05-28 22:03:06', '2017-05-28 22:03:06'),
(112, 13, '2017-05-28 22:03:06', '2017-05-28 22:03:06'),
(51, 13, '2017-05-28 22:03:06', '2017-05-28 22:03:06'),
(280, 13, '2017-05-28 22:03:06', '2017-05-28 22:03:06'),
(99, 13, '2017-05-28 22:03:06', '2017-05-28 22:03:06'),
(119, 13, '2017-05-28 22:03:06', '2017-05-28 22:03:06'),
(319, 14, '2017-05-28 22:06:09', '2017-05-28 22:06:09'),
(330, 14, '2017-05-28 22:06:09', '2017-05-28 22:06:09'),
(21, 14, '2017-05-28 22:06:09', '2017-05-28 22:06:09'),
(330, 15, '2017-05-28 22:10:56', '2017-05-28 22:10:56'),
(54, 15, '2017-05-28 22:10:56', '2017-05-28 22:10:56'),
(32, 15, '2017-05-28 22:10:56', '2017-05-28 22:10:56'),
(9, 15, '2017-05-28 22:10:56', '2017-05-28 22:10:56'),
(3, 15, '2017-05-28 22:10:56', '2017-05-28 22:10:56'),
(1, 15, '2017-05-28 22:10:56', '2017-05-28 22:10:56'),
(201, 15, '2017-05-28 22:10:56', '2017-05-28 22:10:56'),
(191, 15, '2017-05-28 22:10:56', '2017-05-28 22:10:56'),
(106, 15, '2017-05-28 22:10:56', '2017-05-28 22:10:56'),
(474, 15, '2017-05-28 22:10:56', '2017-05-28 22:10:56'),
(52, 16, '2017-05-28 22:13:35', '2017-05-28 22:13:35'),
(100, 16, '2017-05-28 22:13:35', '2017-05-28 22:13:35'),
(280, 16, '2017-05-28 22:13:35', '2017-05-28 22:13:35'),
(444, 16, '2017-05-28 22:13:35', '2017-05-28 22:13:35'),
(449, 16, '2017-05-28 22:13:35', '2017-05-28 22:13:35'),
(42, 16, '2017-05-28 22:13:35', '2017-05-28 22:13:35'),
(409, 17, '2017-05-28 22:18:10', '2017-05-28 22:18:10'),
(364, 17, '2017-05-28 22:18:10', '2017-05-28 22:18:10'),
(105, 17, '2017-05-28 22:18:10', '2017-05-28 22:18:10'),
(138, 17, '2017-05-28 22:18:11', '2017-05-28 22:18:11'),
(52, 17, '2017-05-28 22:18:11', '2017-05-28 22:18:11'),
(345, 17, '2017-05-28 22:18:11', '2017-05-28 22:18:11'),
(99, 17, '2017-05-28 22:18:11', '2017-05-28 22:18:11'),
(112, 17, '2017-05-28 22:18:11', '2017-05-28 22:18:11'),
(100, 17, '2017-05-28 22:18:11', '2017-05-28 22:18:11'),
(381, 17, '2017-05-28 22:18:11', '2017-05-28 22:18:11'),
(412, 17, '2017-05-28 22:18:11', '2017-05-28 22:18:11'),
(365, 17, '2017-05-28 22:18:11', '2017-05-28 22:18:11'),
(444, 17, '2017-05-28 22:18:11', '2017-05-28 22:18:11'),
(280, 17, '2017-05-28 22:18:11', '2017-05-28 22:18:11'),
(119, 17, '2017-05-28 22:18:11', '2017-05-28 22:18:11'),
(51, 18, '2017-05-28 22:22:07', '2017-05-28 22:22:07'),
(279, 18, '2017-05-28 22:22:07', '2017-05-28 22:22:07'),
(23, 18, '2017-05-28 22:22:07', '2017-05-28 22:22:07'),
(110, 18, '2017-05-28 22:22:07', '2017-05-28 22:22:07'),
(343, 18, '2017-05-28 22:22:07', '2017-05-28 22:22:07'),
(1, 18, '2017-05-28 22:22:07', '2017-05-28 22:22:07'),
(197, 18, '2017-05-28 22:22:07', '2017-05-28 22:22:07'),
(195, 18, '2017-05-28 22:22:07', '2017-05-28 22:22:07'),
(279, 19, '2017-05-28 22:29:33', '2017-05-28 22:29:33'),
(2, 19, '2017-05-28 22:29:33', '2017-05-28 22:29:33'),
(286, 19, '2017-05-28 22:29:33', '2017-05-28 22:29:33'),
(4, 19, '2017-05-28 22:29:33', '2017-05-28 22:29:33'),
(51, 19, '2017-05-28 22:29:33', '2017-05-28 22:29:33'),
(132, 20, '2017-05-29 10:20:11', '2017-05-29 10:20:11'),
(1, 20, '2017-05-29 10:20:11', '2017-05-29 10:20:11'),
(422, 20, '2017-05-29 10:20:11', '2017-05-29 10:20:11'),
(364, 20, '2017-05-29 10:20:11', '2017-05-29 10:20:11'),
(213, 20, '2017-05-29 10:20:11', '2017-05-29 10:20:11'),
(14, 20, '2017-05-29 10:20:11', '2017-05-29 10:20:11'),
(2, 20, '2017-05-29 10:20:11', '2017-05-29 10:20:11'),
(417, 20, '2017-05-29 10:20:11', '2017-05-29 10:20:11'),
(392, 20, '2017-05-29 10:20:11', '2017-05-29 10:20:11'),
(343, 21, '2017-05-29 10:24:11', '2017-05-29 10:24:11'),
(64, 21, '2017-05-29 10:24:11', '2017-05-29 10:24:11'),
(99, 21, '2017-05-29 10:24:11', '2017-05-29 10:24:11'),
(112, 21, '2017-05-29 10:24:11', '2017-05-29 10:24:11'),
(442, 21, '2017-05-29 10:24:11', '2017-05-29 10:24:11'),
(381, 21, '2017-05-29 10:24:11', '2017-05-29 10:24:11'),
(146, 21, '2017-05-29 10:24:11', '2017-05-29 10:24:11'),
(412, 21, '2017-05-29 10:24:11', '2017-05-29 10:24:11'),
(475, 21, '2017-05-29 10:24:11', '2017-05-29 10:24:11'),
(456, 21, '2017-05-29 10:24:11', '2017-05-29 10:24:11'),
(105, 21, '2017-05-29 10:24:11', '2017-05-29 10:24:11'),
(109, 21, '2017-05-29 10:24:11', '2017-05-29 10:24:11'),
(289, 21, '2017-05-29 10:24:11', '2017-05-29 10:24:11'),
(119, 21, '2017-05-29 10:24:11', '2017-05-29 10:24:11'),
(375, 22, '2017-05-29 10:27:01', '2017-05-29 10:27:01'),
(81, 22, '2017-05-29 10:27:01', '2017-05-29 10:27:01'),
(343, 22, '2017-05-29 10:27:01', '2017-05-29 10:27:01'),
(100, 22, '2017-05-29 10:27:01', '2017-05-29 10:27:01'),
(415, 22, '2017-05-29 10:27:01', '2017-05-29 10:27:01'),
(228, 22, '2017-05-29 10:27:01', '2017-05-29 10:27:01'),
(403, 22, '2017-05-29 10:27:01', '2017-05-29 10:27:01'),
(326, 22, '2017-05-29 10:27:01', '2017-05-29 10:27:01'),
(286, 23, '2017-05-29 10:31:24', '2017-05-29 10:31:24'),
(319, 23, '2017-05-29 10:31:24', '2017-05-29 10:31:24'),
(228, 23, '2017-05-29 10:31:24', '2017-05-29 10:31:24'),
(403, 23, '2017-05-29 10:31:24', '2017-05-29 10:31:24'),
(2, 23, '2017-05-29 10:31:24', '2017-05-29 10:31:24'),
(100, 23, '2017-05-29 10:31:24', '2017-05-29 10:31:24'),
(242, 23, '2017-05-29 10:31:25', '2017-05-29 10:31:25'),
(1, 23, '2017-05-29 10:31:25', '2017-05-29 10:31:25'),
(326, 23, '2017-05-29 10:31:25', '2017-05-29 10:31:25'),
(122, 23, '2017-05-29 10:31:25', '2017-05-29 10:31:25'),
(310, 24, '2017-05-29 10:37:10', '2017-05-29 10:37:10'),
(297, 24, '2017-05-29 10:37:10', '2017-05-29 10:37:10'),
(189, 24, '2017-05-29 10:37:10', '2017-05-29 10:37:10'),
(366, 24, '2017-05-29 10:37:10', '2017-05-29 10:37:10'),
(299, 25, '2017-05-29 10:42:42', '2017-05-29 10:42:42'),
(51, 25, '2017-05-29 10:42:42', '2017-05-29 10:42:42'),
(457, 25, '2017-05-29 10:42:42', '2017-05-29 10:42:42'),
(474, 25, '2017-05-29 10:42:42', '2017-05-29 10:42:42'),
(199, 25, '2017-05-29 10:42:42', '2017-05-29 10:42:42'),
(119, 25, '2017-05-29 10:42:42', '2017-05-29 10:42:42'),
(146, 25, '2017-05-29 10:42:42', '2017-05-29 10:42:42'),
(303, 25, '2017-05-29 10:42:42', '2017-05-29 10:42:42'),
(5, 25, '2017-05-29 10:42:42', '2017-05-29 10:42:42');

-- --------------------------------------------------------

--
-- Table structure for table `ingredient_user`
--

CREATE TABLE `ingredient_user` (
  `ingredient_id` int(10) UNSIGNED DEFAULT NULL,
  `user_id` int(10) UNSIGNED DEFAULT NULL,
  `expiration_date` date DEFAULT NULL,
  `created_at` timestamp NULL DEFAULT NULL,
  `updated_at` timestamp NULL DEFAULT NULL
) ENGINE=MyISAM DEFAULT CHARSET=utf8mb4 COLLATE=utf8mb4_unicode_ci;

--
-- Dumping data for table `ingredient_user`
--

INSERT INTO `ingredient_user` (`ingredient_id`, `user_id`, `expiration_date`, `created_at`, `updated_at`) VALUES
(53, 1, '2017-05-31', '2017-05-28 14:41:03', '2017-05-28 14:42:35'),
(5, 1, '2017-05-31', '2017-05-28 18:45:53', '2017-05-28 18:46:37'),
(411, 1, '2017-06-07', '2017-05-28 18:48:53', '2017-05-28 21:49:32');

-- --------------------------------------------------------

--
-- Table structure for table `migrations`
--

CREATE TABLE `migrations` (
  `id` int(10) UNSIGNED NOT NULL,
  `migration` varchar(191) COLLATE utf8mb4_unicode_ci NOT NULL,
  `batch` int(11) NOT NULL
) ENGINE=MyISAM DEFAULT CHARSET=utf8mb4 COLLATE=utf8mb4_unicode_ci;

--
-- Dumping data for table `migrations`
--

INSERT INTO `migrations` (`id`, `migration`, `batch`) VALUES
(1, '2014_10_12_000000_create_users_table', 1),
(2, '2014_10_12_100000_create_password_resets_table', 1),
(3, '2017_04_13_105915_create_recipes_table', 1),
(4, '2017_04_22_182016_create_ingredients_table', 1),
(5, '2017_04_23_100336_create_social_login_profiles_table', 1),
(6, '2017_04_28_171549_create_ingredient_recipe_table', 1),
(7, '2017_05_14_233122_create_favorites_table', 1),
(8, '2017_05_25_111027_create_ingredient_user_table', 1);

-- --------------------------------------------------------

--
-- Table structure for table `password_resets`
--

CREATE TABLE `password_resets` (
  `email` varchar(191) COLLATE utf8mb4_unicode_ci NOT NULL,
  `token` varchar(191) COLLATE utf8mb4_unicode_ci NOT NULL,
  `created_at` timestamp NULL DEFAULT NULL
) ENGINE=MyISAM DEFAULT CHARSET=utf8mb4 COLLATE=utf8mb4_unicode_ci;

-- --------------------------------------------------------

--
-- Table structure for table `recipes`
--

CREATE TABLE `recipes` (
  `id` int(10) UNSIGNED NOT NULL,
  `name` varchar(191) COLLATE utf8mb4_unicode_ci NOT NULL,
  `image` varchar(191) COLLATE utf8mb4_unicode_ci NOT NULL,
  `author` varchar(191) COLLATE utf8mb4_unicode_ci NOT NULL,
  `kitchen` enum('italian','british','indonesian','middle_eastern','american','chinese','japanese','russian','greek','french','mexican','other','thai','african','south_american','turkish') COLLATE utf8mb4_unicode_ci NOT NULL,
  `type` enum('breakfast','snack','dinner','lowcarb','vegan','dessert','sidedish','fastfood','vegetarian','glutenfree','lunch','lowfat','lowcalorie') COLLATE utf8mb4_unicode_ci NOT NULL,
  `serving_size` varchar(191) COLLATE utf8mb4_unicode_ci NOT NULL,
  `difficulty` varchar(191) COLLATE utf8mb4_unicode_ci NOT NULL,
  `date_added` datetime NOT NULL,
  `instructions` text COLLATE utf8mb4_unicode_ci NOT NULL,
  `created_at` timestamp NULL DEFAULT NULL,
  `updated_at` timestamp NULL DEFAULT NULL
) ENGINE=MyISAM DEFAULT CHARSET=utf8mb4 COLLATE=utf8mb4_unicode_ci;

--
-- Dumping data for table `recipes`
--

INSERT INTO `recipes` (`id`, `name`, `image`, `author`, `kitchen`, `type`, `serving_size`, `difficulty`, `date_added`, `instructions`, `created_at`, `updated_at`) VALUES
(12, 'Smoked Turkey and Lentil Vegetable Soup', 'http://127.0.0.1:8000/thumbnails/1496015748.jpg', 'Maurice', '', 'breakfast', '3', '2', '2017-05-28 23:58:09', 'Steps\r\n\r\n    1\r\n    In 4-quart Dutch oven, heat oil over medium-high heat. Cook onion in oil 2 minutes, stirring occasionally. Add carrots and celery; cook 2 minutes longer, stirring occasionally. Stir in all remaining ingredients except turkey and spinach.\r\n    2\r\n    Heat to boiling; reduce heat. Cover and simmer 15 to 20 minutes, stirring occasionally, until lentils are tender. Stir in turkey and spinach; simmer 2 to 3 minutes longer or until turkey is hot.', '2017-05-28 21:58:09', '2017-05-28 21:58:09'),
(11, 'Grilled Double-Cheese and Bacon Sandwiches', 'http://127.0.0.1:8000/thumbnails/1496015268.jpg', 'Maurice', '', 'vegan', '1', '1', '2017-05-28 23:48:49', 'Steps\r\n\r\n    1\r\n    Heat closed contact grill for 5 minutes.\r\n    2\r\n    When grill is heated, place bacon on bottom grill surface. (If necessary, cook 4 slices at a time.) Close grill; cook 3 to 4 minutes or until browned. Remove bacon from grill; drain on paper towels. Cut bacon slices in half crosswise.\r\n    3\r\n    With rubber scraper, carefully scrape most of drippings from grill into drip tray. Add onion to grill. Close grill; cook 4 to 6 minutes or until tender.\r\n    4\r\n    To make sandwiches, layer Cheddar cheese, cooked bacon, onion and mozzarella cheese between bread slices. Place 2 sandwiches on bottom grill surface. Close grill; cook 3 to 5 minutes or until bread is toasted and cheese is melted. Repeat with remaining sandwiches.', '2017-05-28 21:48:49', '2017-05-28 21:48:49'),
(13, 'Skinny Grilled Sriracha Chicken with Garlic Cilantro Rice', 'http://127.0.0.1:8000/thumbnails/1496016048.jpg', 'Maurice', '', '', '2', '1', '2017-05-29 00:03:06', 'Steps\r\n\r\n    1\r\n    Soak skewers in water 15 minutes.\r\n    2\r\n    In medium bowl, mix oil, Sriracha sauce, soy sauce and gingerroot. Add chicken pieces; toss to coat. On each skewer, thread 4 pieces of chicken; cover and refrigerate until ready to grill.\r\n    3\r\n    In 2-quart saucepan, heat rice, 1 3/4 cups water, the garlic and salt to boiling over high heat. Stir; cover and reduce heat to low. Cook 20 minutes. Remove from heat; cover and let stand 5 minutes. Fluff with fork; stir in cilantro. Cover to keep warm.\r\n    4\r\n    Meanwhile, spray grill with grilling spray. Heat gas or charcoal grill. Place chicken skewers on grill over medium heat. Cover grill; cook 8 to 10 minutes, turning occasionally to cook on all sides, until chicken is no longer pink in center.\r\n    5\r\n    Serve skewers over rice with lime wedges.', '2017-05-28 22:03:06', '2017-05-28 22:03:06'),
(14, 'Frosted Chocolate Chip Cookie Brownies', 'http://127.0.0.1:8000/thumbnails/1496016364.jpg', 'Maurice', 'british', 'vegan', '4', '1', '2017-05-29 00:06:09', 'Steps\r\n\r\n    1\r\n    Heat oven to 350F (325F for dark or nonstick pan). Grease bottom only of 13x9-inch pan with shortening or cooking spray. Make brownie batter as directed on box. Spread in pan.\r\n    2\r\n    Make cookie mix as directed on pouch. Drop dough by rounded tablespoonfuls evenly onto brownie batter; press down lightly.\r\n    3\r\n    Bake 34 to 38 minutes or until toothpick inserted 2 inches from side of pan comes out almost clean. Cool on cooling rack 30 minutes. Frost with frosting. For brownies, cut into 7 rows by 6 rows.', '2017-05-28 22:06:09', '2017-05-28 22:06:09'),
(15, 'Italian Sausage Cheese Balls', 'http://127.0.0.1:8000/thumbnails/1496016651.jpg', 'Maurice', 'russian', 'snack', '4', '2', '2017-05-29 00:10:56', 'Steps\r\n\r\n    1\r\n    Heat oven to 350F. Spray 2 rimmed 15x10-inch baking pans with cooking spray.\r\n    2\r\n    In large bowl, stir together Bisquick mix, sausage, Italian cheese blend, mozzarella cheese, milk, melted butter, Italian seasoning and 1/2 teaspoon pepper flakes, using hands or spoon. Shape mixture into 1-inch balls. Place 1/2 inch apart on pans.\r\n    3\r\n    Bake 20 to 25 minutes, rotating pans halfway through bake time, until brown. Immediately remove from pan; transfer to serving platter. Sprinkle with basil.\r\n    4\r\n    Meanwhile, in 1 1/2-quart saucepan, heat pasta sauce and remaining 1/2 teaspoon pepper flakes to simmering over medium heat. Reduce heat to medium-low; simmer 5 minutes to combine flavors, stirring frequently. Serve warm cheese balls with sauce.', '2017-05-28 22:10:56', '2017-05-28 22:10:56'),
(16, 'One-Pot French Onion Soup Rice Skillet', 'http://127.0.0.1:8000/thumbnails/1496016739.jpg', 'Maurice', '', 'snack', '2', '3', '2017-05-29 00:13:35', 'Steps\r\n\r\n    1\r\n    Heat 12-inch skillet over medium heat; add beef and onion. Cook until beef is no longer pink, crumbling beef as it cooks; drain.\r\n    2\r\n    Stir in rice, broth, and onion soup mix. Heat to boiling; reduce heat to simmering. Cover and cook about 15 minutes, stirring halfway through, until rice is tender.\r\n    3\r\n    Remove from heat; stir in cheese. Cover; let stand about 2 minutes or until melted.', '2017-05-28 22:13:35', '2017-05-28 22:13:35'),
(17, 'Asian Beef Rice Bowls', 'http://127.0.0.1:8000/thumbnails/1496016914.jpg', 'Maurice', '', '', '2', '3', '2017-05-29 00:18:10', 'Steps\r\n\r\n    1\r\n    In small bowl, stir together vinegar, water, sugar and salt. Add carrots and radishes; cover and refrigerate 35 to 40 minutes or until vegetables are lightly pickled. Drain; cover and refrigerate until ready to use.\r\n    2\r\n    Meanwhile, heat 10-inch nonstick skillet over medium-high heat; add beef and 1/2 teaspoon of the sesame oil. Cook 6 to 8 minutes, stirring occasionally, until brown; drain, and set aside. Reduce heat to medium. Add remaining 1 teaspoon sesame oil, the garlic and gingerroot to skillet. Cook and stir about 1 minute or until garlic is fragrant; add beef, green onions, soy sauce, fish sauce and honey. Stir well. Add broth; heat to simmering. Simmer 13 to 15 minutes, stirring occasionally, until broth is mostly absorbed.\r\n    3\r\n    Serve over cooked rice; top with pickled vegetables and cilantro.', '2017-05-28 22:18:10', '2017-05-28 22:18:10'),
(18, 'Tennessee Hot Fried Chicken Tenders', 'http://127.0.0.1:8000/thumbnails/1495903968.jpg', 'Maurice', 'british', '', '2', '2', '2017-05-29 00:22:07', 'Steps\r\n\r\n    1\r\n    Season chicken tenders with 1/2 teaspoon of the salt and 1/4 teaspoon of the pepper.\r\n    2\r\n    In shallow bowl, mix flour, remaining 1/2 teaspoon salt and remaining 1/4 teaspoon pepper with whisk. In another shallow bowl, beat buttermilk and hot sauce together with whisk. Dredge chicken tenders in seasoned flour, then in buttermilk mixture, and back in flour.\r\n    3\r\n    In 12-inch skillet, heat oil over medium-high heat until hot (350F). Fry tenders in hot oil, all at once, about 5 minutes, turning once, until deep golden brown and no longer pink in center (at least 165F). Place on rack lined with paper towels to drain, with paper towels underneath rack.\r\n    4\r\n    In 1-quart saucepan, melt butter over medium-low heat. Beat in paprika, red pepper and garlic powder with whisk. Brush fried chicken tenders with spicy butter. Serve with slices of white bread and sweet pickles, if desired.', '2017-05-28 22:22:07', '2017-05-28 22:22:07'),
(19, 'Oven-Fried Chicken Tenders', 'http://127.0.0.1:8000/thumbnails/1496017696.jpg', 'Maurice', '', 'snack', '2', '2', '2017-05-29 00:29:33', 'Steps\r\n\r\n    1\r\n    Heat oven to 425F. Line cookie sheet with foil; spray with cooking spray.\r\n    2\r\n    In shallow dish, place flour. In another shallow dish, beat egg and water. In third shallow dish, mix bread crumbs and cheese. Coat chicken with flour; dip into egg mixture, then coat with bread crumb mixture. Place on cookie sheet.\r\n    3\r\n    Bake 15 to 20 minutes, turning once, until chicken is no longer pink in center and coating is golden brown. Serve with dipping sauce.', '2017-05-28 22:29:33', '2017-05-28 22:29:33'),
(20, 'Mini Marshmallow-Pumpkin Pies', 'http://127.0.0.1:8000/thumbnails/1496060369.jpg', 'Maurice', 'british', '', '4', '1', '2017-05-29 12:20:11', '1\r\n    Heat oven to 350F. Place paper baking cup in each of 12 regular-size muffin cups; spray paper cups with cooking spray.\r\n    2\r\n    In medium bowl, mix crushed cookies and melted butter until well blended. Press mixture in bottoms and up sides of paper cups.\r\n    3\r\n    In large bowl, beat pumpkin, brown sugar, pumpkin pie spice, salt, whipping cream and eggs with whisk until smooth. Spoon evenly into crusts.\r\n    4\r\n    Bake 25 minutes. Sprinkle marshmallows and pecans evenly over pies. Bake 8 minutes longer or until marshmallows are toasted. Cool 10 minutes. Remove from pans. Serve warm or chilled. Store tightly covered in refrigerator.', '2017-05-29 10:20:11', '2017-05-29 10:20:11'),
(21, 'Spicy Asian Turkey-Noodle Soup', 'http://127.0.0.1:8000/thumbnails/1496060630.jpg', 'Maurice', 'greek', 'snack', '2', '2', '2017-05-29 12:24:10', 'Steps\r\n\r\n    1\r\n    In 3-quart saucepan or Dutch oven, heat oil over medium-high heat. Cook and stir turkey, garlic and gingerroot in oil 5 to 7 minutes or until turkey is no longer pink.\r\n    2\r\n    Add broth, soy sauce, lime juice, Sriracha sauce and red curry paste; simmer 5 minutes. Stir in snow peas, carrot and bell pepper; cook uncovered 4 to 5 minutes or until vegetables are crisp-tender. Stir in cooked noodles and cilantro; cook just until heated through.', '2017-05-29 10:24:10', '2017-05-29 10:24:10'),
(22, 'Grilled Brats with Mustard Relish', 'http://127.0.0.1:8000/thumbnails/1496060798.jpg', 'Maurice', '', '', '2', '2', '2017-05-29 12:27:01', 'Steps\r\n\r\n    1\r\n    Heat gas or charcoal grill. In 2-quart saucepan, heat cider to boiling. Add bratwurst; reduce heat to low. Cover; simmer 15 minutes.\r\n    2\r\n    Meanwhile, brush oil on cut side of onion. Place onion, oil side up, on grill over medium heat. Cover grill; cook 9 to 12 minutes, turning once, until onion is soft and edges are golden brown. Remove onion from grill; coarsely chop. In small bowl, mix onion, applesauce and mustard; set aside.\r\n    3\r\n    Drain bratwurst. Place on grill over medium heat. Cover grill; cook 6 minutes, turning once, until brown.\r\n    4\r\n    In each bun, place 1 bratwurst and about 2 tablespoons relish.', '2017-05-29 10:27:01', '2017-05-29 10:27:01'),
(23, 'Tuna Burgers', 'http://127.0.0.1:8000/thumbnails/1496061114.jpg', 'Maurice', '', '', '2', '2', '2017-05-29 12:31:24', 'Steps\r\n\r\n    1\r\n    In medium bowl, mix all ingredients except butter, buns and dill dip. Shape mixture into 4 patties, 3 1/2 inches in diameter, using heaping 1/2 cupful for each patty.\r\n    2\r\n    In 12-inch nonstick skillet, melt butter over medium heat. Add patties; cook 10 to 12 minutes, turning once, until brown and thoroughly cooked. Serve on buns with dill dip.', '2017-05-29 10:31:24', '2017-05-29 10:31:24'),
(24, 'Gluten-Free Fruiti Sushi', 'http://127.0.0.1:8000/thumbnails/1496061406.jpg', 'Maurice', 'greek', 'lowcalorie', '2', '2', '2017-05-29 12:37:10', 'Steps\r\n\r\n    1\r\n    Place cereal in resealable food-storage plastic bag; seal bag and crush with fingers to make 3/4 cup.\r\n    2\r\n    In medium microwavable bowl, microwave baking chips as directed on package until melted and stirred smooth. Add crushed cereal; stir until well coated.\r\n    3\r\n    Unroll fruit snack rolls. For each sushi roll, spread 1/4 of cereal mixture on snack roll to within 1/2 inch of one short side. Arrange 3 candy worms, side by side, on cereal-covered short side.\r\n    4\r\n    Starting with short side topped with candy worms, roll up each snack roll tightly, pressing unfilled short side of roll to seal. Let sushi rolls stand 5 to 10 minutes or until firm. Cut each roll into 4 slices. Store loosely covered.', '2017-05-29 10:37:10', '2017-05-29 10:37:10'),
(25, 'Skinny Chicken and Black Bean Burritos', 'http://127.0.0.1:8000/thumbnails/1496061729.jpg', 'Maurice', 'other', 'snack', '3', '2', '2017-05-29 12:42:42', 'Steps\r\n\r\n    1\r\n    Cook rice as directed on package for two servings, using 1/8 teaspoon salt, but omitting butter if called for.\r\n    2\r\n    Meanwhile, in medium microwavable bowl, mix chicken, black beans, 1 cup salsa and chili powder. Microwave on High 2 minutes or until hot, stirring after 1 minute.\r\n    3\r\n    Place cooked rice in large bowl; stir in cilantro and lime juice until well blended.\r\n    4\r\n    Heat tortillas as directed on package. Spoon about 1/2 cup chicken mixture down center of each tortilla. Top with about 1/4 cup rice mixture and 2 tablespoons cheese. Fold sides of tortilla toward center; fold ends over. Serve with additional salsa, if desired.', '2017-05-29 10:42:42', '2017-05-29 10:42:42');

-- --------------------------------------------------------

--
-- Table structure for table `social_login_profiles`
--

CREATE TABLE `social_login_profiles` (
  `id` int(10) UNSIGNED NOT NULL,
  `user_id` int(10) UNSIGNED NOT NULL,
  `facebook_id` varchar(191) COLLATE utf8mb4_unicode_ci DEFAULT NULL,
  `google_id` varchar(191) COLLATE utf8mb4_unicode_ci DEFAULT NULL,
  `twitter_id` varchar(191) COLLATE utf8mb4_unicode_ci DEFAULT NULL,
  `created_at` timestamp NULL DEFAULT NULL,
  `updated_at` timestamp NULL DEFAULT NULL
) ENGINE=MyISAM DEFAULT CHARSET=utf8mb4 COLLATE=utf8mb4_unicode_ci;

-- --------------------------------------------------------

--
-- Table structure for table `users`
--

CREATE TABLE `users` (
  `id` int(10) UNSIGNED NOT NULL,
  `name` varchar(191) COLLATE utf8mb4_unicode_ci NOT NULL,
  `email` varchar(191) COLLATE utf8mb4_unicode_ci NOT NULL,
  `password` varchar(191) COLLATE utf8mb4_unicode_ci NOT NULL,
  `verified` tinyint(4) NOT NULL DEFAULT '0',
  `email_token` varchar(191) COLLATE utf8mb4_unicode_ci DEFAULT NULL,
  `remember_token` varchar(100) COLLATE utf8mb4_unicode_ci DEFAULT NULL,
  `created_at` timestamp NULL DEFAULT NULL,
  `updated_at` timestamp NULL DEFAULT NULL,
  `admin` tinyint(4) NOT NULL DEFAULT '0'
) ENGINE=MyISAM DEFAULT CHARSET=utf8mb4 COLLATE=utf8mb4_unicode_ci;

--
-- Dumping data for table `users`
--

INSERT INTO `users` (`id`, `name`, `email`, `password`, `verified`, `email_token`, `remember_token`, `created_at`, `updated_at`, `admin`) VALUES
(1, 'Maurice', 'mjwaney@hotmail.com', '$2y$10$rq3GRUjfVE5sFjjjFQUVmeP4mpNO2AC3lfGNhf.PKn5p5/HRDk.Si', 0, NULL, NULL, '2017-05-27 05:00:46', '2017-05-27 05:00:46', 0);

--
-- Indexes for dumped tables
--

--
-- Indexes for table `favorites`
--
ALTER TABLE `favorites`
  ADD PRIMARY KEY (`user_id`,`favoriteable_id`,`favoriteable_type`),
  ADD KEY `favorites_favoriteable_id_favoriteable_type_index` (`favoriteable_id`,`favoriteable_type`),
  ADD KEY `favorites_user_id_index` (`user_id`);

--
-- Indexes for table `ingredients`
--
ALTER TABLE `ingredients`
  ADD PRIMARY KEY (`id`);

--
-- Indexes for table `ingredient_recipe`
--
ALTER TABLE `ingredient_recipe`
  ADD KEY `ingredient_recipe_ingredient_id_foreign` (`ingredient_id`),
  ADD KEY `ingredient_recipe_recipe_id_foreign` (`recipe_id`);

--
-- Indexes for table `ingredient_user`
--
ALTER TABLE `ingredient_user`
  ADD KEY `ingredient_user_ingredient_id_foreign` (`ingredient_id`),
  ADD KEY `ingredient_user_user_id_foreign` (`user_id`);

--
-- Indexes for table `migrations`
--
ALTER TABLE `migrations`
  ADD PRIMARY KEY (`id`);

--
-- Indexes for table `password_resets`
--
ALTER TABLE `password_resets`
  ADD KEY `password_resets_email_index` (`email`);

--
-- Indexes for table `recipes`
--
ALTER TABLE `recipes`
  ADD PRIMARY KEY (`id`);

--
-- Indexes for table `social_login_profiles`
--
ALTER TABLE `social_login_profiles`
  ADD PRIMARY KEY (`id`);

--
-- Indexes for table `users`
--
ALTER TABLE `users`
  ADD PRIMARY KEY (`id`),
  ADD UNIQUE KEY `users_email_unique` (`email`);

--
-- AUTO_INCREMENT for dumped tables
--

--
-- AUTO_INCREMENT for table `ingredients`
--
ALTER TABLE `ingredients`
  MODIFY `id` int(10) UNSIGNED NOT NULL AUTO_INCREMENT, AUTO_INCREMENT=521;
--
-- AUTO_INCREMENT for table `migrations`
--
ALTER TABLE `migrations`
  MODIFY `id` int(10) UNSIGNED NOT NULL AUTO_INCREMENT, AUTO_INCREMENT=9;
--
-- AUTO_INCREMENT for table `recipes`
--
ALTER TABLE `recipes`
  MODIFY `id` int(10) UNSIGNED NOT NULL AUTO_INCREMENT, AUTO_INCREMENT=26;
--
-- AUTO_INCREMENT for table `social_login_profiles`
--
ALTER TABLE `social_login_profiles`
  MODIFY `id` int(10) UNSIGNED NOT NULL AUTO_INCREMENT;
--
-- AUTO_INCREMENT for table `users`
--
ALTER TABLE `users`
  MODIFY `id` int(10) UNSIGNED NOT NULL AUTO_INCREMENT, AUTO_INCREMENT=2;
/*!40101 SET CHARACTER_SET_CLIENT=@OLD_CHARACTER_SET_CLIENT */;
/*!40101 SET CHARACTER_SET_RESULTS=@OLD_CHARACTER_SET_RESULTS */;
/*!40101 SET COLLATION_CONNECTION=@OLD_COLLATION_CONNECTION */;
